method,image,true_label,mode,budget,iterations,success,adversarial_class,oracle_target,switch_iteration,locked_class,timestamp
SimBA,ILSVRC2012_val_00002095.JPEG,14,untargeted,15000,15000,False,14,,,,2026-02-14T21:56:01.480436
SimBA,ILSVRC2012_val_00002095.JPEG,14,targeted,15000,15000,False,14,84,,,2026-02-14T22:09:03.424792
SimBA,ILSVRC2012_val_00002095.JPEG,14,opportunistic,15000,15000,False,14,,9,84,2026-02-14T22:33:44.303073
SimBA,ILSVRC2012_val_00000440.JPEG,81,untargeted,15000,15000,False,81,,,,2026-02-14T22:39:44.360254
SimBA,ILSVRC2012_val_00000440.JPEG,81,targeted,15000,9240,True,82,82,,,2026-02-14T22:49:46.909976
SimBA,ILSVRC2012_val_00000440.JPEG,81,opportunistic,15000,9018,True,82,,9,82,2026-02-14T22:53:19.796767
SimBA,ILSVRC2012_val_00000309.JPEG,0,untargeted,15000,15000,False,0,,,,2026-02-15T01:11:55.541677
SimBA,ILSVRC2012_val_00000309.JPEG,0,targeted,15000,6743,True,758,758,,,2026-02-15T01:18:36.034409
SimBA,ILSVRC2012_val_00000309.JPEG,0,opportunistic,15000,6812,True,758,,6,758,2026-02-15T01:20:39.101787
SimBA,ILSVRC2012_val_00000826.JPEG,301,untargeted,15000,21,True,1,,,,2026-02-15T01:20:39.673551
SimBA,ILSVRC2012_val_00000826.JPEG,301,targeted,15000,20,True,1,1,,,2026-02-15T01:20:40.199890
SimBA,ILSVRC2012_val_00000826.JPEG,301,opportunistic,15000,21,True,1,,7,1,2026-02-15T01:20:40.748142
SimBA,ILSVRC2012_val_00000294.JPEG,4,untargeted,15000,68,True,3,,,,2026-02-15T01:20:42.273035
SimBA,ILSVRC2012_val_00000294.JPEG,4,targeted,15000,83,True,3,3,,,2026-02-15T01:20:44.291360
SimBA,ILSVRC2012_val_00000294.JPEG,4,opportunistic,15000,80,True,3,,8,3,2026-02-15T01:20:46.082949
SimBA,ILSVRC2012_val_00000823.JPEG,147,untargeted,15000,1762,True,149,,,,2026-02-15T01:21:17.702151
SimBA,ILSVRC2012_val_00000823.JPEG,147,targeted,15000,1168,True,149,149,,,2026-02-15T01:21:39.225608
SimBA,ILSVRC2012_val_00000823.JPEG,147,opportunistic,15000,1214,True,149,,6,149,2026-02-15T01:22:01.397785
SimBA,ILSVRC2012_val_00000324.JPEG,4,untargeted,15000,2385,True,3,,,,2026-02-15T09:58:56.624773
SimBA,ILSVRC2012_val_00000324.JPEG,4,targeted,15000,2027,True,3,3,,,2026-02-15T09:59:33.993618
SimBA,ILSVRC2012_val_00000324.JPEG,4,opportunistic,15000,2010,True,3,,9,3,2026-02-15T10:00:11.216861
SimBA,ILSVRC2012_val_00002923.JPEG,6,untargeted,15000,13,True,5,,,,2026-02-15T10:00:11.595465
SimBA,ILSVRC2012_val_00002923.JPEG,6,targeted,15000,35,True,5,5,,,2026-02-15T10:00:12.495213
SimBA,ILSVRC2012_val_00002923.JPEG,6,opportunistic,15000,52,True,5,,7,5,2026-02-15T10:00:13.774298
SimBA,ILSVRC2012_val_00001322.JPEG,6,untargeted,15000,8715,True,5,,,,2026-02-15T10:02:58.839715
SimBA,ILSVRC2012_val_00001322.JPEG,6,targeted,15000,5383,True,5,5,,,2026-02-15T10:04:40.148579
SimBA,ILSVRC2012_val_00001322.JPEG,6,opportunistic,15000,5235,True,5,,6,5,2026-02-15T10:06:22.567388
SimBA,ILSVRC2012_val_00003561.JPEG,7,untargeted,15000,12832,True,749,,,,2026-02-15T10:10:26.423939
SimBA,ILSVRC2012_val_00003561.JPEG,7,targeted,15000,4579,True,749,749,,,2026-02-15T10:11:54.163197
SimBA,ILSVRC2012_val_00003561.JPEG,7,opportunistic,15000,6311,True,8,,8,8,2026-02-15T10:13:53.010210
SimBA,ILSVRC2012_val_00001614.JPEG,8,untargeted,15000,9398,True,7,,,,2026-02-15T10:16:50.988796
SimBA,ILSVRC2012_val_00001614.JPEG,8,targeted,15000,6047,True,7,7,,,2026-02-15T10:18:51.764789
SimBA,ILSVRC2012_val_00001614.JPEG,8,opportunistic,15000,6010,True,7,,10,7,2026-02-15T10:20:46.463672
SimBA,ILSVRC2012_val_00000378.JPEG,9,untargeted,15000,15000,False,9,,,,2026-02-15T10:25:26.381016
SimBA,ILSVRC2012_val_00000378.JPEG,9,targeted,15000,15000,False,9,138,,,2026-02-15T10:34:37.499597
SimBA,ILSVRC2012_val_00000378.JPEG,9,opportunistic,15000,15000,False,9,,6,138,2026-02-15T10:39:14.836534
SimBA,ILSVRC2012_val_00001493.JPEG,10,untargeted,15000,6399,True,11,,,,2026-02-15T10:41:13.940283
SimBA,ILSVRC2012_val_00001493.JPEG,10,targeted,15000,4763,True,11,11,,,2026-02-15T10:42:47.154761
SimBA,ILSVRC2012_val_00001493.JPEG,10,opportunistic,15000,4808,True,11,,6,11,2026-02-15T10:44:54.604614
SimBA,ILSVRC2012_val_00001195.JPEG,11,untargeted,15000,15000,False,11,,,,2026-02-15T10:50:14.754909
SimBA,ILSVRC2012_val_00000062.JPEG,13,opportunistic,15000,6296,True,20,20,14,20,2026-02-15T12:00:06.264736
SimBA,ILSVRC2012_val_00001874.JPEG,17,opportunistic,15000,10488,True,16,16,12,16,2026-02-15T12:03:22.287085
SimBA,ILSVRC2012_val_00002956.JPEG,28,opportunistic,15000,9820,True,26,26,12,26,2026-02-15T12:06:20.496141
SimBA,ILSVRC2012_val_00000484.JPEG,31,opportunistic,15000,1042,True,32,32,11,32,2026-02-15T12:06:39.155088
SimBA,ILSVRC2012_val_00000836.JPEG,37,opportunistic,15000,2300,True,35,35,13,35,2026-02-15T12:07:20.271349
SimBA,ILSVRC2012_val_00000175.JPEG,83,opportunistic,15000,790,True,86,86,11,86,2026-02-15T12:07:34.362137
SimBA,ILSVRC2012_val_00000528.JPEG,94,opportunistic,15000,6353,True,95,95,17,95,2026-02-15T12:09:33.681352
SquareAttack,ILSVRC2012_val_00000823.JPEG,147,opportunistic,15000,1,True,149,,,,2026-02-15T12:23:01.862408
SquareAttack,ILSVRC2012_val_00000062.JPEG,13,opportunistic,15000,317,True,995,,,,2026-02-15T12:23:05.347310
SquareAttack,ILSVRC2012_val_00002095.JPEG,14,opportunistic,15000,3960,True,136,136,788,136,2026-02-15T12:23:44.868780
SquareAttack,ILSVRC2012_val_00001874.JPEG,17,opportunistic,15000,3689,True,16,16,775,16,2026-02-15T12:24:21.040849
SquareAttack,ILSVRC2012_val_00002956.JPEG,28,opportunistic,15000,1991,True,26,26,312,26,2026-02-15T12:24:40.616777
SquareAttack,ILSVRC2012_val_00000484.JPEG,31,opportunistic,15000,24,True,32,,,,2026-02-15T12:24:41.114741
SquareAttack,ILSVRC2012_val_00000836.JPEG,37,opportunistic,15000,190,True,35,35,96,35,2026-02-15T12:24:43.396325
SquareAttack,ILSVRC2012_val_00000440.JPEG,81,opportunistic,15000,308,True,86,,,,2026-02-15T12:24:46.831575
SquareAttack,ILSVRC2012_val_00000175.JPEG,83,opportunistic,15000,1,True,86,,,,2026-02-15T12:24:46.864888
SquareAttack,ILSVRC2012_val_00000528.JPEG,94,opportunistic,15000,1272,True,894,894,864,894,2026-02-15T12:24:59.632903
SquareAttack,ILSVRC2012_val_00000309.JPEG,0,opportunistic,15000,753,True,758,758,390,758,2026-02-15T16:52:00.133917
SquareAttack,ILSVRC2012_val_00000826.JPEG,301,opportunistic,15000,1,True,1,,,,2026-02-15T16:52:00.211323
SquareAttack,ILSVRC2012_val_00000294.JPEG,4,opportunistic,15000,1,True,3,,,,2026-02-15T16:52:00.258365
SquareAttack,ILSVRC2012_val_00000324.JPEG,4,opportunistic,15000,95,True,3,,,,2026-02-15T16:52:02.199746
SquareAttack,ILSVRC2012_val_00002923.JPEG,6,opportunistic,15000,1,True,854,,,,2026-02-15T16:52:02.247063
SquareAttack,ILSVRC2012_val_00001322.JPEG,6,opportunistic,15000,861,True,5,5,123,5,2026-02-15T16:52:15.718979
SquareAttack,ILSVRC2012_val_00003561.JPEG,7,opportunistic,15000,1620,True,8,8,23,8,2026-02-15T16:52:40.316182
SquareAttack,ILSVRC2012_val_00001614.JPEG,8,opportunistic,15000,863,True,7,7,84,7,2026-02-15T16:52:53.969418
SquareAttack,ILSVRC2012_val_00000378.JPEG,9,opportunistic,15000,9131,True,138,138,79,138,2026-02-15T16:55:12.080408
SquareAttack,ILSVRC2012_val_00001493.JPEG,10,opportunistic,15000,261,True,11,11,155,11,2026-02-15T16:55:16.682633
SquareAttack,ILSVRC2012_val_00001195.JPEG,11,opportunistic,15000,178,True,90,,,,2026-02-15T16:55:19.943869
SquareAttack,ILSVRC2012_val_00003287.JPEG,12,opportunistic,15000,3353,True,854,854,334,854,2026-02-15T16:56:09.992972
SquareAttack,ILSVRC2012_val_00000153.JPEG,15,opportunistic,15000,11271,True,912,912,229,912,2026-02-15T16:58:58.838396
SquareAttack,ILSVRC2012_val_00000188.JPEG,16,opportunistic,15000,1,True,17,,,,2026-02-15T16:58:58.885645
SquareAttack,ILSVRC2012_val_00001044.JPEG,18,opportunistic,15000,1,True,133,,,,2026-02-15T16:58:58.933308
SquareAttack,ILSVRC2012_val_00000005.JPEG,19,opportunistic,15000,6395,True,654,654,259,654,2026-02-15T17:00:34.289346
SquareAttack,ILSVRC2012_val_00001912.JPEG,20,opportunistic,15000,12881,True,13,13,303,13,2026-02-15T17:03:48.399896
SquareAttack,ILSVRC2012_val_00001861.JPEG,21,opportunistic,15000,1799,True,89,89,859,89,2026-02-15T17:04:16.201984
SquareAttack,ILSVRC2012_val_00002085.JPEG,22,opportunistic,15000,1,True,23,,,,2026-02-15T17:04:16.249412
SquareAttack,ILSVRC2012_val_00001478.JPEG,23,opportunistic,15000,943,True,21,21,256,21,2026-02-15T17:04:31.547973
SquareAttack,ILSVRC2012_val_00000880.JPEG,24,opportunistic,15000,15000,False,24,854,328,854,2026-02-15T17:08:24.421281
SquareAttack,ILSVRC2012_val_00001002.JPEG,25,opportunistic,15000,3185,True,26,26,135,26,2026-02-15T17:09:13.797153
SquareAttack,ILSVRC2012_val_00001108.JPEG,26,opportunistic,15000,61,True,29,,,,2026-02-15T17:09:15.336700
SquareAttack,ILSVRC2012_val_00000561.JPEG,119,opportunistic,15000,1,True,73,,,,2026-02-15T17:09:15.386062
SquareAttack,ILSVRC2012_val_00000321.JPEG,29,opportunistic,15000,1583,True,916,916,105,916,2026-02-15T17:09:40.694549
SquareAttack,ILSVRC2012_val_00000588.JPEG,30,opportunistic,15000,760,True,32,32,69,32,2026-02-15T17:09:53.243715
SquareAttack,ILSVRC2012_val_00002403.JPEG,32,opportunistic,15000,81,True,30,,,,2026-02-15T17:09:55.141158
SquareAttack,ILSVRC2012_val_00000295.JPEG,33,opportunistic,15000,103,True,113,,,,2026-02-15T17:09:57.322076
SquareAttack,ILSVRC2012_val_00000793.JPEG,34,opportunistic,15000,2,True,33,,,,2026-02-15T17:09:57.416010
SquareAttack,ILSVRC2012_val_00001869.JPEG,36,opportunistic,15000,362,True,35,35,193,35,2026-02-15T17:10:03.826865
SquareAttack,ILSVRC2012_val_00000395.JPEG,37,opportunistic,15000,820,True,35,35,89,35,2026-02-15T17:10:17.220807
SquareAttack,ILSVRC2012_val_00000625.JPEG,38,opportunistic,15000,1,True,43,,,,2026-02-15T17:10:17.273023
SquareAttack,ILSVRC2012_val_00004042.JPEG,39,opportunistic,15000,6367,True,43,43,78,43,2026-02-15T17:11:55.610434
SquareAttack,ILSVRC2012_val_00000107.JPEG,40,opportunistic,15000,549,True,38,,,,2026-02-15T17:12:04.620035
SquareAttack,ILSVRC2012_val_00000731.JPEG,41,opportunistic,15000,312,True,44,44,166,44,2026-02-15T17:12:09.944795
SquareAttack,ILSVRC2012_val_00001628.JPEG,42,opportunistic,15000,1143,True,854,854,420,854,2026-02-15T17:12:27.994634
SquareAttack,ILSVRC2012_val_00000556.JPEG,43,opportunistic,15000,3503,True,42,42,44,42,2026-02-15T17:13:22.133086
SquareAttack,ILSVRC2012_val_00000270.JPEG,44,opportunistic,15000,79,True,38,,,,2026-02-15T17:13:23.885540
SquareAttack,ILSVRC2012_val_00002575.JPEG,45,opportunistic,15000,651,True,854,854,383,854,2026-02-15T17:13:34.213344
SquareAttack,ILSVRC2012_val_00000053.JPEG,40,opportunistic,15000,1,True,46,,,,2026-02-15T17:13:34.252112
SquareAttack,ILSVRC2012_val_00001455.JPEG,47,opportunistic,15000,3533,True,894,894,108,894,2026-02-15T17:14:29.132231
SquareAttack,ILSVRC2012_val_00000406.JPEG,48,opportunistic,15000,414,True,39,39,45,39,2026-02-15T17:14:36.220092
SquareAttack,ILSVRC2012_val_00000846.JPEG,49,opportunistic,15000,344,True,337,,,,2026-02-15T17:14:42.261071
SquareAttack,ILSVRC2012_val_00000187.JPEG,328,opportunistic,15000,1,True,794,,,,2026-02-15T17:14:42.318424
SquareAttack,ILSVRC2012_val_00000461.JPEG,51,opportunistic,15000,19,True,643,,,,2026-02-15T17:14:42.828113
SquareAttack,ILSVRC2012_val_00000751.JPEG,52,opportunistic,15000,370,True,390,390,335,390,2026-02-15T17:14:49.294937
SquareAttack,ILSVRC2012_val_00002134.JPEG,53,opportunistic,15000,1,True,60,,,,2026-02-15T17:14:49.342992
SquareAttack,ILSVRC2012_val_00000781.JPEG,60,opportunistic,15000,1,True,67,,,,2026-02-15T17:14:49.384640
SquareAttack,ILSVRC2012_val_00000132.JPEG,64,opportunistic,15000,118,True,59,59,118,59,2026-02-15T17:14:51.854229
SquareAttack,ILSVRC2012_val_00000208.JPEG,56,opportunistic,15000,3707,True,53,53,103,53,2026-02-15T17:15:49.541113
SquareAttack,ILSVRC2012_val_00001038.JPEG,57,opportunistic,15000,1996,True,52,52,268,52,2026-02-15T17:16:20.588996
SquareAttack,ILSVRC2012_val_00002124.JPEG,63,opportunistic,15000,12,True,58,,,,2026-02-15T17:16:20.937944
SquareAttack,ILSVRC2012_val_00001111.JPEG,46,opportunistic,15000,18,True,94,,,,2026-02-15T17:16:21.452432
SquareAttack,ILSVRC2012_val_00000054.JPEG,60,opportunistic,15000,1,True,56,,,,2026-02-15T17:16:21.498046
SquareAttack,ILSVRC2012_val_00000296.JPEG,61,opportunistic,15000,483,True,62,62,78,62,2026-02-15T17:16:29.708410
SquareAttack,ILSVRC2012_val_00000120.JPEG,62,opportunistic,15000,817,True,61,61,94,61,2026-02-15T17:16:42.977971
SquareAttack,ILSVRC2012_val_00000150.JPEG,63,opportunistic,15000,779,True,68,68,503,68,2026-02-15T17:16:55.895131
SquareAttack,ILSVRC2012_val_00000560.JPEG,378,opportunistic,15000,33,True,59,,,,2026-02-15T17:16:56.770716
SquareAttack,ILSVRC2012_val_00005869.JPEG,119,opportunistic,15000,1,True,125,,,,2026-02-15T17:16:56.822635
SquareAttack,ILSVRC2012_val_00000278.JPEG,66,opportunistic,15000,2838,True,68,68,91,68,2026-02-15T17:17:40.784686
SquareAttack,ILSVRC2012_val_00001964.JPEG,68,opportunistic,15000,1,True,67,,,,2026-02-15T17:17:40.834472
SquareAttack,ILSVRC2012_val_00000194.JPEG,68,opportunistic,15000,1,True,66,,,,2026-02-15T17:17:40.902722
SquareAttack,ILSVRC2012_val_00001321.JPEG,69,opportunistic,15000,1,True,972,,,,2026-02-15T17:17:40.950066
SquareAttack,ILSVRC2012_val_00000046.JPEG,70,opportunistic,15000,2683,True,73,73,99,73,2026-02-15T17:18:22.880723
SquareAttack,ILSVRC2012_val_00000237.JPEG,71,opportunistic,15000,10433,True,99,99,95,99,2026-02-15T17:21:03.840342
SquareAttack,ILSVRC2012_val_00000228.JPEG,72,opportunistic,15000,3259,True,74,74,23,74,2026-02-15T17:21:53.603229
SquareAttack,ILSVRC2012_val_00000677.JPEG,73,opportunistic,15000,138,True,591,,,,2026-02-15T17:21:56.340763
SquareAttack,ILSVRC2012_val_00000552.JPEG,72,opportunistic,15000,6373,True,74,74,508,74,2026-02-15T17:23:34.182268
SquareAttack,ILSVRC2012_val_00000603.JPEG,75,opportunistic,15000,3419,True,73,73,121,73,2026-02-15T17:24:26.661945
SquareAttack,ILSVRC2012_val_00000522.JPEG,76,opportunistic,15000,900,True,73,73,101,73,2026-02-15T17:24:41.027086
SquareAttack,ILSVRC2012_val_00001131.JPEG,75,opportunistic,15000,1,True,73,,,,2026-02-15T17:24:41.084809
SquareAttack,ILSVRC2012_val_00001350.JPEG,78,opportunistic,15000,4696,True,73,73,99,73,2026-02-15T17:25:53.362832
SquareAttack,ILSVRC2012_val_00003857.JPEG,630,opportunistic,15000,1,True,594,,,,2026-02-15T17:25:53.396110
SquareAttack,ILSVRC2012_val_00000807.JPEG,80,opportunistic,15000,961,True,998,998,121,998,2026-02-15T17:26:08.914541
SquareAttack,ILSVRC2012_val_00001888.JPEG,82,opportunistic,15000,766,True,81,81,303,81,2026-02-15T17:26:21.116111
SquareAttack,ILSVRC2012_val_00000102.JPEG,83,opportunistic,15000,1024,True,80,80,131,80,2026-02-15T17:26:37.625321
SquareAttack,ILSVRC2012_val_00000881.JPEG,84,opportunistic,15000,1400,True,580,580,85,580,2026-02-15T17:26:59.326564
SquareAttack,ILSVRC2012_val_00001419.JPEG,85,opportunistic,15000,4091,True,86,86,494,86,2026-02-15T17:28:02.658121
SquareAttack,ILSVRC2012_val_00000024.JPEG,87,opportunistic,15000,1797,True,389,389,392,389,2026-02-15T17:28:31.162312
SquareAttack,ILSVRC2012_val_00000265.JPEG,88,opportunistic,15000,15000,False,88,662,895,662,2026-02-15T17:32:21.770721
SquareAttack,ILSVRC2012_val_00000011.JPEG,89,opportunistic,15000,4681,True,132,132,289,132,2026-02-15T17:33:33.478373
SquareAttack,ILSVRC2012_val_00001245.JPEG,90,opportunistic,15000,3576,True,854,854,88,854,2026-02-15T17:34:28.617706
SquareAttack,ILSVRC2012_val_00000001.JPEG,91,opportunistic,15000,1889,True,916,916,65,916,2026-02-15T17:34:57.903709
SquareAttack,ILSVRC2012_val_00003751.JPEG,92,opportunistic,15000,8076,True,854,854,349,854,2026-02-15T17:37:01.871927
SquareAttack,ILSVRC2012_val_00001186.JPEG,93,opportunistic,15000,1638,True,17,17,627,17,2026-02-15T17:37:27.992458
SquareAttack,ILSVRC2012_val_00001390.JPEG,95,opportunistic,15000,3692,True,92,92,339,92,2026-02-15T17:38:25.450622
SquareAttack,ILSVRC2012_val_00000204.JPEG,96,opportunistic,15000,8008,True,973,973,547,973,2026-02-15T17:40:27.842099
SquareAttack,ILSVRC2012_val_00001305.JPEG,97,opportunistic,15000,1601,True,98,98,221,98,2026-02-15T17:40:52.919624
SquareAttack,ILSVRC2012_val_00000119.JPEG,98,opportunistic,15000,3056,True,946,946,905,946,2026-02-15T17:41:39.927790
SquareAttack,ILSVRC2012_val_00001045.JPEG,99,opportunistic,15000,120,True,134,,,,2026-02-15T17:41:42.519951
SimBA,ILSVRC2012_val_00001195.JPEG,11,opportunistic,15000,5120,True,16,16,14,16,2026-02-16T14:54:20.192835
SimBA,ILSVRC2012_val_00003287.JPEG,12,opportunistic,15000,15000,False,12,10,22,10,2026-02-16T14:59:18.243040
SimBA,ILSVRC2012_val_00000153.JPEG,15,opportunistic,15000,15000,False,15,912,12,912,2026-02-16T15:04:25.668853
SimBA,ILSVRC2012_val_00000188.JPEG,16,opportunistic,15000,1097,True,17,17,12,17,2026-02-16T15:04:48.046657
SimBA,ILSVRC2012_val_00001044.JPEG,18,opportunistic,15000,714,True,10,10,12,10,2026-02-16T15:05:02.020600
SimBA,ILSVRC2012_val_00000005.JPEG,19,opportunistic,15000,15000,False,19,654,16,654,2026-02-16T15:10:14.238750
SimBA,ILSVRC2012_val_00001912.JPEG,20,opportunistic,15000,15000,False,20,13,14,13,2026-02-16T15:15:24.854984
SimBA,ILSVRC2012_val_00001861.JPEG,21,opportunistic,15000,8017,True,22,22,12,22,2026-02-16T15:18:09.007020
SimBA,ILSVRC2012_val_00002085.JPEG,22,opportunistic,15000,358,True,23,23,14,23,2026-02-16T15:18:16.203560
SimBA,ILSVRC2012_val_00001478.JPEG,23,opportunistic,15000,8786,True,21,21,12,21,2026-02-16T15:21:15.638544
SimBA,ILSVRC2012_val_00000880.JPEG,24,opportunistic,15000,9217,True,82,82,16,82,2026-02-16T15:24:30.837400
SimBA,ILSVRC2012_val_00001002.JPEG,25,opportunistic,15000,9380,True,26,26,11,26,2026-02-16T15:27:33.514454
SimBA,ILSVRC2012_val_00001108.JPEG,26,opportunistic,15000,1701,True,29,29,12,29,2026-02-16T15:28:08.901610
SimBA,ILSVRC2012_val_00000561.JPEG,119,opportunistic,15000,64,True,32,32,14,32,2026-02-16T15:28:10.560430
SimBA,ILSVRC2012_val_00000321.JPEG,29,opportunistic,15000,4896,True,916,916,17,916,2026-02-16T15:30:01.950256
SimBA,ILSVRC2012_val_00000588.JPEG,30,opportunistic,15000,3863,True,32,32,17,32,2026-02-16T15:31:31.963869
SimBA,ILSVRC2012_val_00002403.JPEG,32,opportunistic,15000,2678,True,30,30,11,30,2026-02-16T15:32:28.349359
SimBA,ILSVRC2012_val_00000295.JPEG,33,opportunistic,15000,6372,True,34,34,15,34,2026-02-16T15:34:56.635737
SimBA,ILSVRC2012_val_00000793.JPEG,34,opportunistic,15000,387,True,33,33,14,33,2026-02-16T15:35:05.977650
SimBA,ILSVRC2012_val_00001869.JPEG,36,opportunistic,15000,1515,True,35,35,14,35,2026-02-16T15:35:41.296757
SimBA,ILSVRC2012_val_00000395.JPEG,37,opportunistic,15000,3893,True,35,35,14,35,2026-02-16T15:37:05.675675
SimBA,ILSVRC2012_val_00000625.JPEG,38,opportunistic,15000,463,True,43,43,13,43,2026-02-16T15:37:15.482792
SimBA,ILSVRC2012_val_00004042.JPEG,39,opportunistic,15000,12366,True,41,41,11,41,2026-02-16T15:41:44.708576
SimBA,ILSVRC2012_val_00000107.JPEG,40,opportunistic,15000,4656,True,46,46,14,46,2026-02-16T15:43:22.582762
SimBA,ILSVRC2012_val_00000731.JPEG,41,opportunistic,15000,4665,True,44,44,15,44,2026-02-16T15:44:48.381499
SimBA,ILSVRC2012_val_00001628.JPEG,42,opportunistic,15000,6617,True,38,38,14,38,2026-02-16T15:47:01.943910
SimBA,ILSVRC2012_val_00000556.JPEG,43,opportunistic,15000,11051,True,42,42,12,42,2026-02-16T15:50:39.429754
SimBA,ILSVRC2012_val_00000270.JPEG,44,opportunistic,15000,611,True,40,40,19,40,2026-02-16T15:50:52.752943
SimBA,ILSVRC2012_val_00002575.JPEG,45,opportunistic,15000,11339,True,38,38,16,38,2026-02-16T15:54:43.278636
SimBA,ILSVRC2012_val_00000053.JPEG,40,opportunistic,15000,630,True,46,46,16,46,2026-02-16T15:54:57.021006
SimBA,ILSVRC2012_val_00001455.JPEG,47,opportunistic,15000,10760,True,38,38,12,38,2026-02-16T15:58:34.452126
SimBA,ILSVRC2012_val_00000406.JPEG,48,opportunistic,15000,3256,True,39,39,12,39,2026-02-16T15:59:42.211845
SimBA,ILSVRC2012_val_00000846.JPEG,49,opportunistic,15000,2594,True,386,386,11,386,2026-02-16T16:00:37.427017
SimBA,ILSVRC2012_val_00000187.JPEG,328,opportunistic,15000,14,True,363,363,12,363,2026-02-16T16:00:37.893354
SimBA,ILSVRC2012_val_00000461.JPEG,51,opportunistic,15000,1557,True,988,988,13,988,2026-02-16T16:01:11.496150
SimBA,ILSVRC2012_val_00000751.JPEG,52,opportunistic,15000,2330,True,390,390,12,390,2026-02-16T16:02:00.472747
SimBA,ILSVRC2012_val_00002134.JPEG,53,opportunistic,15000,3861,True,52,52,19,52,2026-02-16T16:03:22.462681
SimBA,ILSVRC2012_val_00000781.JPEG,60,opportunistic,15000,702,True,54,54,12,54,2026-02-16T16:03:37.137037
SimBA,ILSVRC2012_val_00000132.JPEG,64,opportunistic,15000,899,True,55,55,16,55,2026-02-16T16:03:55.912592
SimBA,ILSVRC2012_val_00000208.JPEG,56,opportunistic,15000,10960,True,53,53,11,53,2026-02-16T16:07:45.626850
SimBA,ILSVRC2012_val_00001038.JPEG,57,opportunistic,15000,9063,True,52,52,12,52,2026-02-16T16:10:59.396889
SimBA,ILSVRC2012_val_00002124.JPEG,63,opportunistic,15000,1221,True,56,56,12,56,2026-02-16T16:11:25.103860
SimBA,ILSVRC2012_val_00001111.JPEG,46,opportunistic,15000,2917,True,40,40,11,40,2026-02-16T16:12:33.328244
SimBA,ILSVRC2012_val_00000054.JPEG,60,opportunistic,15000,344,True,56,56,12,56,2026-02-16T16:12:39.946424
SimBA,ILSVRC2012_val_00000296.JPEG,61,opportunistic,15000,4257,True,62,62,12,62,2026-02-16T16:14:00.158365
SimBA,ILSVRC2012_val_00000120.JPEG,62,opportunistic,15000,7748,True,61,61,13,61,2026-02-16T16:16:27.681280
SimBA,ILSVRC2012_val_00000150.JPEG,63,opportunistic,15000,3752,True,68,68,13,68,2026-02-16T16:17:40.814723
SimBA,ILSVRC2012_val_00000560.JPEG,378,opportunistic,15000,259,True,59,59,11,59,2026-02-16T16:17:46.305775
SimBA,ILSVRC2012_val_00005869.JPEG,119,opportunistic,15000,95,True,125,125,11,125,2026-02-16T16:17:48.490860
SimBA,ILSVRC2012_val_00000278.JPEG,66,opportunistic,15000,9167,True,68,68,13,68,2026-02-16T16:20:55.337520
SimBA,ILSVRC2012_val_00001964.JPEG,68,opportunistic,15000,666,True,67,67,12,67,2026-02-16T16:21:08.505291
SimBA,ILSVRC2012_val_00000194.JPEG,68,opportunistic,15000,894,True,66,66,12,66,2026-02-16T16:21:26.576740
SimBA,ILSVRC2012_val_00001321.JPEG,69,opportunistic,15000,2364,True,66,66,14,66,2026-02-16T16:22:12.485272
SimBA,ILSVRC2012_val_00000046.JPEG,70,opportunistic,15000,8371,True,73,73,15,73,2026-02-16T16:25:09.863168
SimBA,ILSVRC2012_val_00000237.JPEG,71,opportunistic,15000,15000,False,71,99,12,99,2026-02-16T16:45:10.890424
SimBA,ILSVRC2012_val_00000228.JPEG,72,opportunistic,15000,12136,True,74,74,11,74,2026-02-16T16:49:02.143264
SimBA,ILSVRC2012_val_00000677.JPEG,73,opportunistic,15000,3311,True,74,74,15,74,2026-02-16T16:50:05.679496
SimBA,ILSVRC2012_val_00000552.JPEG,72,opportunistic,15000,15000,False,72,74,13,74,2026-02-16T16:54:55.568322
SimBA,ILSVRC2012_val_00000603.JPEG,75,opportunistic,15000,13037,True,73,73,12,73,2026-02-16T16:59:12.437339
SimBA,ILSVRC2012_val_00000522.JPEG,76,opportunistic,15000,7187,True,73,73,12,73,2026-02-16T17:01:31.487374
SimBA,ILSVRC2012_val_00001131.JPEG,75,opportunistic,15000,22,True,77,77,12,77,2026-02-16T17:01:32.164710
SimBA,ILSVRC2012_val_00001350.JPEG,78,opportunistic,15000,9621,True,73,73,12,73,2026-02-16T17:04:58.295676
SimBA,ILSVRC2012_val_00003857.JPEG,630,opportunistic,15000,1825,True,429,429,14,429,2026-02-16T17:05:40.915416
SimBA,ILSVRC2012_val_00000807.JPEG,80,opportunistic,15000,14299,True,83,83,13,83,2026-02-16T17:11:09.931314
SimBA,ILSVRC2012_val_00001888.JPEG,82,opportunistic,15000,2011,True,81,81,16,81,2026-02-16T17:11:53.547921
SimBA,ILSVRC2012_val_00000102.JPEG,83,opportunistic,15000,8817,True,80,80,11,80,2026-02-16T17:15:01.305512
SimBA,ILSVRC2012_val_00000881.JPEG,84,opportunistic,15000,9172,True,580,580,12,580,2026-02-16T17:18:15.155071
SimBA,ILSVRC2012_val_00001419.JPEG,85,opportunistic,15000,14095,True,86,86,12,86,2026-02-16T17:23:12.379246
SimBA,ILSVRC2012_val_00000024.JPEG,87,opportunistic,15000,15000,False,87,89,13,89,2026-02-16T17:28:21.165972
SimBA,ILSVRC2012_val_00000265.JPEG,88,opportunistic,15000,15000,False,88,90,15,90,2026-02-16T17:33:41.462734
SimBA,ILSVRC2012_val_00000011.JPEG,89,opportunistic,15000,11004,True,132,132,12,132,2026-02-16T17:37:30.526767
SimBA,ILSVRC2012_val_00001245.JPEG,90,opportunistic,15000,15000,False,90,89,16,89,2026-02-16T17:42:24.887232
SimBA,ILSVRC2012_val_00000001.JPEG,91,opportunistic,15000,8627,True,916,916,14,916,2026-02-16T17:45:11.325501
SimBA,ILSVRC2012_val_00003751.JPEG,92,opportunistic,15000,4630,True,95,95,16,95,2026-02-16T17:46:40.698585
SimBA,ILSVRC2012_val_00001186.JPEG,93,opportunistic,15000,15000,False,93,96,11,96,2026-02-16T17:52:00.343797
SimBA,ILSVRC2012_val_00001390.JPEG,95,opportunistic,15000,7368,True,94,94,16,94,2026-02-16T17:54:23.969723
SimBA,ILSVRC2012_val_00000204.JPEG,96,opportunistic,15000,15000,False,96,973,12,973,2026-02-16T17:59:07.742407
SimBA,ILSVRC2012_val_00001305.JPEG,97,opportunistic,15000,15000,False,97,300,14,300,2026-02-16T18:03:48.545529
SimBA,ILSVRC2012_val_00000119.JPEG,98,opportunistic,15000,15000,False,98,335,13,335,2026-02-16T18:08:39.614800
SimBA,ILSVRC2012_val_00001045.JPEG,99,opportunistic,15000,4339,True,84,84,15,84,2026-02-16T18:09:58.943478
SquareAttack,ILSVRC2012_val_00000309.JPEG,0,oracle_probe,15000,798,True,391,391,,,2026-02-17T11:06:44.766290
SquareAttack,ILSVRC2012_val_00000826.JPEG,301,oracle_probe,15000,1,True,1,1,,,2026-02-17T11:06:44.813658
SquareAttack,ILSVRC2012_val_00000294.JPEG,4,oracle_probe,15000,1,True,3,3,,,2026-02-17T11:06:44.842421
SquareAttack,ILSVRC2012_val_00000823.JPEG,147,oracle_probe,15000,1,True,149,149,,,2026-02-17T11:06:44.863740
SquareAttack,ILSVRC2012_val_00000324.JPEG,4,oracle_probe,15000,95,True,3,3,,,2026-02-17T11:06:46.238916
SquareAttack,ILSVRC2012_val_00002923.JPEG,6,oracle_probe,15000,1,True,854,854,,,2026-02-17T11:06:46.282324
SquareAttack,ILSVRC2012_val_00001322.JPEG,6,oracle_probe,15000,1300,True,5,5,,,2026-02-17T11:06:59.710312
SquareAttack,ILSVRC2012_val_00003561.JPEG,7,oracle_probe,15000,2320,True,749,749,,,2026-02-17T11:07:25.173347
SquareAttack,ILSVRC2012_val_00001614.JPEG,8,oracle_probe,15000,3167,True,7,7,,,2026-02-17T11:08:12.258824
SquareAttack,ILSVRC2012_val_00000378.JPEG,9,oracle_probe,15000,15000,False,9,138,,,2026-02-17T11:15:32.035311
SquareAttack,ILSVRC2012_val_00001493.JPEG,10,oracle_probe,15000,261,True,11,11,,,2026-02-17T11:15:36.424791
SquareAttack,ILSVRC2012_val_00001195.JPEG,11,oracle_probe,15000,178,True,90,90,,,2026-02-17T11:15:39.475215
SquareAttack,ILSVRC2012_val_00003287.JPEG,12,oracle_probe,15000,8582,True,854,854,,,2026-02-17T11:17:44.095965
SquareAttack,ILSVRC2012_val_00000062.JPEG,13,oracle_probe,15000,317,True,995,995,,,2026-02-17T11:17:49.242232
SquareAttack,ILSVRC2012_val_00002095.JPEG,14,oracle_probe,15000,14313,True,320,320,,,2026-02-17T11:21:21.786457
SquareAttack,ILSVRC2012_val_00000153.JPEG,15,oracle_probe,15000,15000,False,15,912,,,2026-02-17T11:28:51.745912
SquareAttack,ILSVRC2012_val_00000188.JPEG,16,oracle_probe,15000,1,True,17,17,,,2026-02-17T11:28:51.793279
SimBA,ILSVRC2012_val_00001195.JPEG,11,targeted,15000,5133,True,16,16,,,2026-02-17T11:28:59.631333
SimBA,ILSVRC2012_val_00003287.JPEG,12,untargeted,15000,15000,False,12,,,,2026-02-17T11:35:49.798868
SquareAttack,ILSVRC2012_val_00001874.JPEG,17,oracle_probe,15000,15000,False,17,16,,,2026-02-17T11:36:14.337285
SquareAttack,ILSVRC2012_val_00001044.JPEG,18,oracle_probe,15000,1,True,133,133,,,2026-02-17T11:36:14.378985
SquareAttack,ILSVRC2012_val_00000005.JPEG,19,oracle_probe,15000,9848,True,91,91,,,2026-02-17T11:38:41.970961
SquareAttack,ILSVRC2012_val_00001912.JPEG,20,oracle_probe,15000,15000,False,20,13,,,2026-02-17T11:46:07.861517
SquareAttack,ILSVRC2012_val_00001861.JPEG,21,oracle_probe,15000,9923,True,94,94,,,2026-02-17T11:48:35.727905
SquareAttack,ILSVRC2012_val_00002085.JPEG,22,oracle_probe,15000,1,True,23,23,,,2026-02-17T11:48:35.759583
SimBA,ILSVRC2012_val_00003287.JPEG,12,targeted,15000,15000,False,12,10,,,2026-02-17T11:49:10.276221
SimBA,ILSVRC2012_val_00000062.JPEG,13,untargeted,15000,9806,True,995,,,,2026-02-17T11:53:41.372494
SimBA,ILSVRC2012_val_00000062.JPEG,13,targeted,15000,4665,True,995,995,,,2026-02-17T11:55:46.704050
SquareAttack,ILSVRC2012_val_00001478.JPEG,23,oracle_probe,15000,15000,False,23,21,,,2026-02-17T11:56:25.291095
SquareAttack,ILSVRC2012_val_00000880.JPEG,24,oracle_probe,15000,15000,False,24,82,,,2026-02-17T12:04:01.869978
SimBA,ILSVRC2012_val_00000153.JPEG,15,untargeted,15000,15000,False,15,,,,2026-02-17T12:09:08.599931
SquareAttack,ILSVRC2012_val_00001002.JPEG,25,oracle_probe,15000,15000,False,25,26,,,2026-02-17T12:11:30.828932
SquareAttack,ILSVRC2012_val_00001108.JPEG,26,oracle_probe,15000,61,True,29,29,,,2026-02-17T12:11:32.200002
SquareAttack,ILSVRC2012_val_00000561.JPEG,119,oracle_probe,15000,1,True,73,73,,,2026-02-17T12:11:32.246990
SquareAttack,ILSVRC2012_val_00002956.JPEG,28,oracle_probe,15000,5983,True,26,26,,,2026-02-17T12:13:03.312691
SquareAttack,ILSVRC2012_val_00000321.JPEG,29,oracle_probe,15000,2703,True,916,916,,,2026-02-17T12:13:44.088261
SquareAttack,ILSVRC2012_val_00000588.JPEG,30,oracle_probe,15000,2012,True,32,32,,,2026-02-17T12:14:14.385053
SquareAttack,ILSVRC2012_val_00000484.JPEG,31,oracle_probe,15000,24,True,32,32,,,2026-02-17T12:14:15.047510
SquareAttack,ILSVRC2012_val_00002403.JPEG,32,oracle_probe,15000,81,True,30,30,,,2026-02-17T12:14:16.744215
SquareAttack,ILSVRC2012_val_00000295.JPEG,33,oracle_probe,15000,103,True,113,113,,,2026-02-17T12:14:18.796939
SquareAttack,ILSVRC2012_val_00000793.JPEG,34,oracle_probe,15000,2,True,33,33,,,2026-02-17T12:14:18.869743
SquareAttack,ILSVRC2012_val_00000836.JPEG,37,oracle_probe,15000,312,True,35,35,,,2026-02-17T12:14:23.963495
SquareAttack,ILSVRC2012_val_00001869.JPEG,36,oracle_probe,15000,234,True,35,35,,,2026-02-17T12:14:27.988573
SquareAttack,ILSVRC2012_val_00000395.JPEG,37,oracle_probe,15000,1670,True,35,35,,,2026-02-17T12:14:53.291087
SquareAttack,ILSVRC2012_val_00000625.JPEG,38,oracle_probe,15000,1,True,43,43,,,2026-02-17T12:14:53.338420
SquareAttack,ILSVRC2012_val_00004042.JPEG,39,oracle_probe,15000,13433,True,598,598,,,2026-02-17T12:18:13.825793
SquareAttack,ILSVRC2012_val_00000107.JPEG,40,oracle_probe,15000,549,True,38,38,,,2026-02-17T12:18:22.556139
SquareAttack,ILSVRC2012_val_00000731.JPEG,41,oracle_probe,15000,204,True,44,44,,,2026-02-17T12:18:26.133982
SquareAttack,ILSVRC2012_val_00001628.JPEG,42,oracle_probe,15000,1706,True,854,854,,,2026-02-17T12:18:51.886741
SimBA,ILSVRC2012_val_00000153.JPEG,15,targeted,15000,15000,False,15,912,,,2026-02-17T12:21:31.948419
SimBA,ILSVRC2012_val_00000188.JPEG,16,untargeted,15000,1188,True,17,,,,2026-02-17T12:22:00.291065
SimBA,ILSVRC2012_val_00000188.JPEG,16,targeted,15000,1081,True,17,17,,,2026-02-17T12:22:26.499689
SquareAttack,ILSVRC2012_val_00000556.JPEG,43,oracle_probe,15000,14953,True,35,35,,,2026-02-17T12:22:34.603196
SquareAttack,ILSVRC2012_val_00000270.JPEG,44,oracle_probe,15000,79,True,38,38,,,2026-02-17T12:22:36.306400
SquareAttack,ILSVRC2012_val_00002575.JPEG,45,oracle_probe,15000,2549,True,26,26,,,2026-02-17T12:23:14.763886
SquareAttack,ILSVRC2012_val_00000053.JPEG,40,oracle_probe,15000,1,True,46,46,,,2026-02-17T12:23:14.806676
SimBA,ILSVRC2012_val_00001874.JPEG,17,untargeted,15000,15000,False,17,,,,2026-02-17T12:28:43.837960
SquareAttack,ILSVRC2012_val_00001455.JPEG,47,oracle_probe,15000,15000,False,47,38,,,2026-02-17T12:30:44.165808
SquareAttack,ILSVRC2012_val_00000406.JPEG,48,oracle_probe,15000,335,True,39,39,,,2026-02-17T12:30:49.728031
SquareAttack,ILSVRC2012_val_00000846.JPEG,49,oracle_probe,15000,344,True,337,337,,,2026-02-17T12:30:55.402948
SquareAttack,ILSVRC2012_val_00000187.JPEG,328,oracle_probe,15000,1,True,794,794,,,2026-02-17T12:30:55.447815
SquareAttack,ILSVRC2012_val_00000461.JPEG,51,oracle_probe,15000,19,True,643,643,,,2026-02-17T12:30:55.949158
SquareAttack,ILSVRC2012_val_00000751.JPEG,52,oracle_probe,15000,380,True,390,390,,,2026-02-17T12:31:02.180881
SquareAttack,ILSVRC2012_val_00002134.JPEG,53,oracle_probe,15000,1,True,60,60,,,2026-02-17T12:31:02.230469
SquareAttack,ILSVRC2012_val_00000781.JPEG,60,oracle_probe,15000,1,True,67,67,,,2026-02-17T12:31:02.281476
SquareAttack,ILSVRC2012_val_00000132.JPEG,64,oracle_probe,15000,118,True,59,59,,,2026-02-17T12:31:04.603355
SquareAttack,ILSVRC2012_val_00000208.JPEG,56,oracle_probe,15000,12898,True,539,539,,,2026-02-17T12:34:18.822331
SquareAttack,ILSVRC2012_val_00001038.JPEG,57,oracle_probe,15000,1116,True,41,41,,,2026-02-17T12:34:36.170314
SquareAttack,ILSVRC2012_val_00002124.JPEG,63,oracle_probe,15000,12,True,58,58,,,2026-02-17T12:34:36.509575
SquareAttack,ILSVRC2012_val_00001111.JPEG,46,oracle_probe,15000,18,True,94,94,,,2026-02-17T12:34:36.962830
SquareAttack,ILSVRC2012_val_00000054.JPEG,60,oracle_probe,15000,1,True,56,56,,,2026-02-17T12:34:37.017211
SquareAttack,ILSVRC2012_val_00000296.JPEG,61,oracle_probe,15000,2177,True,62,62,,,2026-02-17T12:35:10.106031
SquareAttack,ILSVRC2012_val_00000120.JPEG,62,oracle_probe,15000,2033,True,61,61,,,2026-02-17T12:35:40.915889
SquareAttack,ILSVRC2012_val_00000150.JPEG,63,oracle_probe,15000,644,True,68,68,,,2026-02-17T12:35:51.119172
SquareAttack,ILSVRC2012_val_00000560.JPEG,378,oracle_probe,15000,33,True,59,59,,,2026-02-17T12:35:51.947640
SquareAttack,ILSVRC2012_val_00005869.JPEG,119,oracle_probe,15000,1,True,125,125,,,2026-02-17T12:35:51.993227
SimBA,ILSVRC2012_val_00001874.JPEG,17,targeted,15000,10542,True,16,16,,,2026-02-17T12:39:24.015756
SimBA,ILSVRC2012_val_00001044.JPEG,18,untargeted,15000,720,True,10,,,,2026-02-17T12:39:41.196957
SimBA,ILSVRC2012_val_00001044.JPEG,18,targeted,15000,681,True,10,10,,,2026-02-17T12:39:57.792492
SquareAttack,ILSVRC2012_val_00000278.JPEG,66,oracle_probe,15000,15000,False,66,68,,,2026-02-17T12:43:15.513604
SquareAttack,ILSVRC2012_val_00001964.JPEG,68,oracle_probe,15000,1,True,67,67,,,2026-02-17T12:43:15.574408
SquareAttack,ILSVRC2012_val_00000194.JPEG,68,oracle_probe,15000,1,True,66,66,,,2026-02-17T12:43:15.649963
SquareAttack,ILSVRC2012_val_00001321.JPEG,69,oracle_probe,15000,1,True,972,972,,,2026-02-17T12:43:15.696499
SquareAttack,ILSVRC2012_val_00000046.JPEG,70,oracle_probe,15000,8815,True,941,941,,,2026-02-17T12:45:27.599031
SimBA,ILSVRC2012_val_00000005.JPEG,19,untargeted,15000,15000,False,19,,,,2026-02-17T12:46:14.541084
SquareAttack,ILSVRC2012_val_00000237.JPEG,71,oracle_probe,15000,8428,True,116,116,,,2026-02-17T12:47:34.088431
SquareAttack,ILSVRC2012_val_00000228.JPEG,72,oracle_probe,15000,9777,True,74,74,,,2026-02-17T12:49:59.168484
SquareAttack,ILSVRC2012_val_00000677.JPEG,73,oracle_probe,15000,138,True,591,591,,,2026-02-17T12:50:01.744441
SquareAttack,ILSVRC2012_val_00000552.JPEG,72,oracle_probe,15000,13051,True,74,74,,,2026-02-17T12:53:17.203230
SquareAttack,ILSVRC2012_val_00000603.JPEG,75,oracle_probe,15000,9991,True,73,73,,,2026-02-17T12:55:44.680523
SquareAttack,ILSVRC2012_val_00000522.JPEG,76,oracle_probe,15000,1927,True,73,73,,,2026-02-17T12:56:13.681710
SquareAttack,ILSVRC2012_val_00001131.JPEG,75,oracle_probe,15000,1,True,73,73,,,2026-02-17T12:56:13.730702
SimBA,ILSVRC2012_val_00000005.JPEG,19,targeted,15000,15000,False,19,654,,,2026-02-17T12:58:48.442185
SquareAttack,ILSVRC2012_val_00001350.JPEG,78,oracle_probe,15000,15000,False,78,73,,,2026-02-17T13:03:41.185323
SquareAttack,ILSVRC2012_val_00003857.JPEG,630,oracle_probe,15000,1,True,594,594,,,2026-02-17T13:03:41.229332
SquareAttack,ILSVRC2012_val_00000807.JPEG,80,oracle_probe,15000,2440,True,998,998,,,2026-02-17T13:04:18.244856
SquareAttack,ILSVRC2012_val_00000440.JPEG,81,oracle_probe,15000,308,True,86,86,,,2026-02-17T13:04:23.321969
SquareAttack,ILSVRC2012_val_00001888.JPEG,82,oracle_probe,15000,610,True,81,81,,,2026-02-17T13:04:32.837389
SimBA,ILSVRC2012_val_00001912.JPEG,20,untargeted,15000,15000,False,20,,,,2026-02-17T13:05:03.002072
SquareAttack,ILSVRC2012_val_00000102.JPEG,83,oracle_probe,15000,8376,True,275,275,,,2026-02-17T13:06:38.494043
SquareAttack,ILSVRC2012_val_00000881.JPEG,84,oracle_probe,15000,3405,True,580,580,,,2026-02-17T13:07:29.847063
SquareAttack,ILSVRC2012_val_00001419.JPEG,85,oracle_probe,15000,15000,False,85,86,,,2026-02-17T13:14:58.817479
SquareAttack,ILSVRC2012_val_00000175.JPEG,83,oracle_probe,15000,1,True,86,86,,,2026-02-17T13:14:58.861240
SquareAttack,ILSVRC2012_val_00000024.JPEG,87,oracle_probe,15000,2934,True,389,389,,,2026-02-17T13:15:43.848033
SimBA,ILSVRC2012_val_00001912.JPEG,20,targeted,15000,15000,False,20,13,,,2026-02-17T13:17:49.662513
SquareAttack,ILSVRC2012_val_00000265.JPEG,88,oracle_probe,15000,15000,False,88,90,,,2026-02-17T13:23:14.123787
SimBA,ILSVRC2012_val_00001861.JPEG,21,untargeted,15000,15000,False,21,,,,2026-02-17T13:24:49.035934
SquareAttack,ILSVRC2012_val_00000011.JPEG,89,oracle_probe,15000,15000,False,89,132,,,2026-02-17T13:30:37.487633
SquareAttack,ILSVRC2012_val_00001245.JPEG,90,oracle_probe,15000,11443,True,510,510,,,2026-02-17T13:33:26.631507
SquareAttack,ILSVRC2012_val_00000001.JPEG,91,oracle_probe,15000,3452,True,782,782,,,2026-02-17T13:34:18.369674
SimBA,ILSVRC2012_val_00001861.JPEG,21,targeted,15000,8351,True,22,22,,,2026-02-17T13:35:35.043340
SimBA,ILSVRC2012_val_00002085.JPEG,22,untargeted,15000,404,True,23,,,,2026-02-17T13:35:46.000558
SimBA,ILSVRC2012_val_00002085.JPEG,22,targeted,15000,358,True,23,23,,,2026-02-17T13:35:55.882571
SquareAttack,ILSVRC2012_val_00003751.JPEG,92,oracle_probe,15000,15000,False,92,95,,,2026-02-17T13:41:46.205781
SquareAttack,ILSVRC2012_val_00001186.JPEG,93,oracle_probe,15000,1982,True,135,135,,,2026-02-17T13:42:16.914144
SimBA,ILSVRC2012_val_00001478.JPEG,23,untargeted,15000,15000,False,23,,,,2026-02-17T13:42:54.618445
SquareAttack,ILSVRC2012_val_00000528.JPEG,94,oracle_probe,15000,3982,True,894,894,,,2026-02-17T13:43:17.056132
SquareAttack,ILSVRC2012_val_00001390.JPEG,95,oracle_probe,15000,15000,False,95,94,,,2026-02-17T13:50:49.329995
SquareAttack,ILSVRC2012_val_00000204.JPEG,96,oracle_probe,15000,6125,True,379,379,,,2026-02-17T13:52:19.969854
SquareAttack,ILSVRC2012_val_00001305.JPEG,97,oracle_probe,15000,2403,True,86,86,,,2026-02-17T13:52:56.250075
SquareAttack,ILSVRC2012_val_00000119.JPEG,98,oracle_probe,15000,3461,True,946,946,,,2026-02-17T13:53:47.426921
SquareAttack,ILSVRC2012_val_00001045.JPEG,99,oracle_probe,15000,120,True,134,134,,,2026-02-17T13:53:49.718983
SimBA,ILSVRC2012_val_00001478.JPEG,23,targeted,15000,8656,True,21,21,,,2026-02-17T13:53:55.763302
SquareAttack,ILSVRC2012_val_00000309.JPEG,0,untargeted,15000,798,True,391,,,,2026-02-17T13:54:02.068448
SquareAttack,ILSVRC2012_val_00000309.JPEG,0,targeted,15000,817,True,391,391,,,2026-02-17T13:54:14.670254
SquareAttack,ILSVRC2012_val_00000826.JPEG,301,untargeted,15000,1,True,1,,,,2026-02-17T13:54:14.731523
SquareAttack,ILSVRC2012_val_00000826.JPEG,301,targeted,15000,1,True,1,1,,,2026-02-17T13:54:14.789028
SquareAttack,ILSVRC2012_val_00000294.JPEG,4,untargeted,15000,1,True,3,,,,2026-02-17T13:54:14.836338
SquareAttack,ILSVRC2012_val_00000294.JPEG,4,targeted,15000,1,True,3,3,,,2026-02-17T13:54:14.887015
SquareAttack,ILSVRC2012_val_00000823.JPEG,147,untargeted,15000,1,True,149,,,,2026-02-17T13:54:14.938334
SquareAttack,ILSVRC2012_val_00000823.JPEG,147,targeted,15000,1,True,149,149,,,2026-02-17T13:54:14.989354
SquareAttack,ILSVRC2012_val_00000324.JPEG,4,untargeted,15000,95,True,3,,,,2026-02-17T13:54:16.891829
SquareAttack,ILSVRC2012_val_00000324.JPEG,4,targeted,15000,95,True,3,3,,,2026-02-17T13:54:18.760953
SquareAttack,ILSVRC2012_val_00002923.JPEG,6,untargeted,15000,1,True,854,,,,2026-02-17T13:54:18.808926
SquareAttack,ILSVRC2012_val_00002923.JPEG,6,targeted,15000,1,True,854,854,,,2026-02-17T13:54:18.854554
SquareAttack,ILSVRC2012_val_00001322.JPEG,6,untargeted,15000,1300,True,5,,,,2026-02-17T13:54:39.115190
SquareAttack,ILSVRC2012_val_00001322.JPEG,6,targeted,15000,563,True,5,5,,,2026-02-17T13:54:48.307123
SquareAttack,ILSVRC2012_val_00003561.JPEG,7,untargeted,15000,2320,True,749,,,,2026-02-17T13:55:24.026791
SquareAttack,ILSVRC2012_val_00003561.JPEG,7,targeted,15000,762,True,749,749,,,2026-02-17T13:55:36.225391
SquareAttack,ILSVRC2012_val_00001614.JPEG,8,untargeted,15000,3167,True,7,,,,2026-02-17T13:56:25.357193
SquareAttack,ILSVRC2012_val_00001614.JPEG,8,targeted,15000,1583,True,7,7,,,2026-02-17T13:56:49.190590
SquareAttack,ILSVRC2012_val_00000378.JPEG,9,untargeted,15000,15000,False,9,,,,2026-02-17T14:00:35.092121
SimBA,ILSVRC2012_val_00000880.JPEG,24,untargeted,15000,15000,False,24,,,,2026-02-17T14:00:51.097025
SquareAttack,ILSVRC2012_val_00000378.JPEG,9,targeted,15000,11832,True,138,138,,,2026-02-17T14:03:34.211906
SquareAttack,ILSVRC2012_val_00001493.JPEG,10,untargeted,15000,261,True,11,,,,2026-02-17T14:03:38.954607
SquareAttack,ILSVRC2012_val_00001493.JPEG,10,targeted,15000,239,True,11,11,,,2026-02-17T14:03:44.075811
SquareAttack,ILSVRC2012_val_00001195.JPEG,11,untargeted,15000,178,True,90,,,,2026-02-17T14:03:47.502478
SquareAttack,ILSVRC2012_val_00001195.JPEG,11,targeted,15000,333,True,90,90,,,2026-02-17T14:03:53.327788
SquareAttack,ILSVRC2012_val_00003287.JPEG,12,untargeted,15000,8582,True,854,,,,2026-02-17T14:06:06.444455
SquareAttack,ILSVRC2012_val_00003287.JPEG,12,targeted,15000,10175,True,854,854,,,2026-02-17T14:09:00.880769
SquareAttack,ILSVRC2012_val_00000062.JPEG,13,untargeted,15000,317,True,995,,,,2026-02-17T14:09:07.276969
SquareAttack,ILSVRC2012_val_00000062.JPEG,13,targeted,15000,317,True,995,995,,,2026-02-17T14:09:13.815742
SimBA,ILSVRC2012_val_00000880.JPEG,24,targeted,15000,9435,True,82,82,,,2026-02-17T14:12:47.643653
SquareAttack,ILSVRC2012_val_00002095.JPEG,14,untargeted,15000,14313,True,320,,,,2026-02-17T14:13:09.835434
SquareAttack,ILSVRC2012_val_00002095.JPEG,14,targeted,15000,10248,True,320,320,,,2026-02-17T14:15:58.508307
SimBA,ILSVRC2012_val_00001002.JPEG,25,untargeted,15000,15000,False,25,,,,2026-02-17T14:19:54.083320
SquareAttack,ILSVRC2012_val_00000153.JPEG,15,untargeted,15000,15000,False,15,,,,2026-02-17T14:20:03.809150
SquareAttack,ILSVRC2012_val_00000153.JPEG,15,targeted,15000,10852,True,912,912,,,2026-02-17T14:22:50.074682
SquareAttack,ILSVRC2012_val_00000188.JPEG,16,untargeted,15000,1,True,17,,,,2026-02-17T14:22:50.112973
SquareAttack,ILSVRC2012_val_00000188.JPEG,16,targeted,15000,1,True,17,17,,,2026-02-17T14:22:50.157446
SquareAttack,ILSVRC2012_val_00001874.JPEG,17,untargeted,15000,15000,False,17,,,,2026-02-17T14:26:39.881584
SquareAttack,ILSVRC2012_val_00001874.JPEG,17,targeted,15000,2784,True,16,16,,,2026-02-17T14:27:22.083213
SquareAttack,ILSVRC2012_val_00001044.JPEG,18,untargeted,15000,1,True,133,,,,2026-02-17T14:27:22.128911
SquareAttack,ILSVRC2012_val_00001044.JPEG,18,targeted,15000,1,True,133,133,,,2026-02-17T14:27:22.182898
SquareAttack,ILSVRC2012_val_00000005.JPEG,19,untargeted,15000,9848,True,91,,,,2026-02-17T14:29:49.457769
SimBA,ILSVRC2012_val_00001002.JPEG,25,targeted,15000,9212,True,26,26,,,2026-02-17T14:29:59.787509
SquareAttack,ILSVRC2012_val_00000005.JPEG,19,targeted,15000,1608,True,91,91,,,2026-02-17T14:30:13.988603
SimBA,ILSVRC2012_val_00001108.JPEG,26,untargeted,15000,1986,True,29,,,,2026-02-17T14:30:48.386412
SimBA,ILSVRC2012_val_00001108.JPEG,26,targeted,15000,1761,True,29,29,,,2026-02-17T14:31:32.029249
SimBA,ILSVRC2012_val_00000561.JPEG,119,untargeted,15000,74,True,32,,,,2026-02-17T14:31:34.331942
SimBA,ILSVRC2012_val_00000561.JPEG,119,targeted,15000,65,True,32,32,,,2026-02-17T14:31:36.522212
SquareAttack,ILSVRC2012_val_00001912.JPEG,20,untargeted,15000,15000,False,20,,,,2026-02-17T14:33:59.485773
SquareAttack,ILSVRC2012_val_00001912.JPEG,20,targeted,15000,13839,True,13,13,,,2026-02-17T14:37:30.851980
SimBA,ILSVRC2012_val_00002956.JPEG,28,untargeted,15000,15000,False,28,,,,2026-02-17T14:37:51.606339
SquareAttack,ILSVRC2012_val_00001861.JPEG,21,untargeted,15000,9923,True,94,,,,2026-02-17T14:40:00.435873
SquareAttack,ILSVRC2012_val_00001861.JPEG,21,targeted,15000,1232,True,94,94,,,2026-02-17T14:40:19.443000
SquareAttack,ILSVRC2012_val_00002085.JPEG,22,untargeted,15000,1,True,23,,,,2026-02-17T14:40:19.491054
SquareAttack,ILSVRC2012_val_00002085.JPEG,22,targeted,15000,1,True,23,23,,,2026-02-17T14:40:19.539954
SquareAttack,ILSVRC2012_val_00001478.JPEG,23,untargeted,15000,15000,False,23,,,,2026-02-17T14:44:05.059217
SquareAttack,ILSVRC2012_val_00001478.JPEG,23,targeted,15000,461,True,21,21,,,2026-02-17T14:44:12.389547
SquareAttack,ILSVRC2012_val_00000880.JPEG,24,untargeted,15000,15000,False,24,,,,2026-02-17T14:47:57.421684
SimBA,ILSVRC2012_val_00002956.JPEG,28,targeted,15000,9784,True,26,26,,,2026-02-17T14:48:10.074788
SquareAttack,ILSVRC2012_val_00000880.JPEG,24,targeted,15000,1751,True,82,82,,,2026-02-17T14:48:24.327126
SquareAttack,ILSVRC2012_val_00001002.JPEG,25,untargeted,15000,15000,False,25,,,,2026-02-17T14:52:11.055949
SquareAttack,ILSVRC2012_val_00001002.JPEG,25,targeted,15000,3092,True,26,26,,,2026-02-17T14:52:58.139557
SquareAttack,ILSVRC2012_val_00001108.JPEG,26,untargeted,15000,61,True,29,,,,2026-02-17T14:52:59.609116
SquareAttack,ILSVRC2012_val_00001108.JPEG,26,targeted,15000,172,True,29,29,,,2026-02-17T14:53:02.720943
SquareAttack,ILSVRC2012_val_00000561.JPEG,119,untargeted,15000,1,True,73,,,,2026-02-17T14:53:02.772013
SquareAttack,ILSVRC2012_val_00000561.JPEG,119,targeted,15000,1,True,73,73,,,2026-02-17T14:53:02.820761
SimBA,ILSVRC2012_val_00000321.JPEG,29,untargeted,15000,12812,True,916,,,,2026-02-17T14:53:41.056002
SquareAttack,ILSVRC2012_val_00002956.JPEG,28,untargeted,15000,5983,True,26,,,,2026-02-17T14:54:33.234286
SquareAttack,ILSVRC2012_val_00002956.JPEG,28,targeted,15000,2478,True,26,26,,,2026-02-17T14:55:10.604155
SimBA,ILSVRC2012_val_00000321.JPEG,29,targeted,15000,4506,True,916,916,,,2026-02-17T14:55:36.605180
SquareAttack,ILSVRC2012_val_00000321.JPEG,29,untargeted,15000,2703,True,916,,,,2026-02-17T14:55:51.599180
SquareAttack,ILSVRC2012_val_00000321.JPEG,29,targeted,15000,741,True,916,916,,,2026-02-17T14:56:03.213445
SquareAttack,ILSVRC2012_val_00000588.JPEG,30,untargeted,15000,2012,True,32,,,,2026-02-17T14:56:34.084132
SquareAttack,ILSVRC2012_val_00000588.JPEG,30,targeted,15000,717,True,32,32,,,2026-02-17T14:56:45.301226
SquareAttack,ILSVRC2012_val_00000484.JPEG,31,untargeted,15000,24,True,32,,,,2026-02-17T14:56:45.917130
SquareAttack,ILSVRC2012_val_00000484.JPEG,31,targeted,15000,63,True,32,32,,,2026-02-17T14:56:47.381629
SquareAttack,ILSVRC2012_val_00002403.JPEG,32,untargeted,15000,81,True,30,,,,2026-02-17T14:56:49.135081
SquareAttack,ILSVRC2012_val_00002403.JPEG,32,targeted,15000,109,True,30,30,,,2026-02-17T14:56:51.350952
SquareAttack,ILSVRC2012_val_00000295.JPEG,33,untargeted,15000,103,True,113,,,,2026-02-17T14:56:53.394884
SquareAttack,ILSVRC2012_val_00000295.JPEG,33,targeted,15000,120,True,113,113,,,2026-02-17T14:56:55.693081
SquareAttack,ILSVRC2012_val_00000793.JPEG,34,untargeted,15000,2,True,33,,,,2026-02-17T14:56:55.792918
SquareAttack,ILSVRC2012_val_00000793.JPEG,34,targeted,15000,2,True,33,33,,,2026-02-17T14:56:55.875772
SquareAttack,ILSVRC2012_val_00000836.JPEG,37,untargeted,15000,312,True,35,,,,2026-02-17T14:57:01.085732
SquareAttack,ILSVRC2012_val_00000836.JPEG,37,targeted,15000,334,True,35,35,,,2026-02-17T14:57:06.651520
SquareAttack,ILSVRC2012_val_00001869.JPEG,36,untargeted,15000,234,True,35,,,,2026-02-17T14:57:10.753490
SquareAttack,ILSVRC2012_val_00001869.JPEG,36,targeted,15000,154,True,35,35,,,2026-02-17T14:57:13.553524
SquareAttack,ILSVRC2012_val_00000395.JPEG,37,untargeted,15000,1670,True,35,,,,2026-02-17T14:57:38.976497
SquareAttack,ILSVRC2012_val_00000395.JPEG,37,targeted,15000,940,True,35,35,,,2026-02-17T14:57:53.409413
SquareAttack,ILSVRC2012_val_00000625.JPEG,38,untargeted,15000,1,True,43,,,,2026-02-17T14:57:53.463255
SquareAttack,ILSVRC2012_val_00000625.JPEG,38,targeted,15000,1,True,43,43,,,2026-02-17T14:57:53.509158
SquareAttack,ILSVRC2012_val_00004042.JPEG,39,untargeted,15000,13433,True,598,,,,2026-02-17T15:01:17.129747
SimBA,ILSVRC2012_val_00000588.JPEG,30,untargeted,15000,15000,False,30,,,,2026-02-17T15:02:03.520737
SquareAttack,ILSVRC2012_val_00004042.JPEG,39,targeted,15000,15000,False,39,598,,,2026-02-17T15:05:02.447086
SquareAttack,ILSVRC2012_val_00000107.JPEG,40,untargeted,15000,549,True,38,,,,2026-02-17T15:05:11.224656
SquareAttack,ILSVRC2012_val_00000107.JPEG,40,targeted,15000,347,True,38,38,,,2026-02-17T15:05:17.089095
SquareAttack,ILSVRC2012_val_00000731.JPEG,41,untargeted,15000,204,True,44,,,,2026-02-17T15:05:20.689009
SquareAttack,ILSVRC2012_val_00000731.JPEG,41,targeted,15000,319,True,44,44,,,2026-02-17T15:05:25.973353
SquareAttack,ILSVRC2012_val_00001628.JPEG,42,untargeted,15000,1706,True,854,,,,2026-02-17T15:05:52.087113
SquareAttack,ILSVRC2012_val_00001628.JPEG,42,targeted,15000,4390,True,854,854,,,2026-02-17T15:06:57.879990
SimBA,ILSVRC2012_val_00000588.JPEG,30,targeted,15000,3793,True,32,32,,,2026-02-17T15:10:07.169170
SimBA,ILSVRC2012_val_00000484.JPEG,31,untargeted,15000,1208,True,32,,,,2026-02-17T15:10:36.835268
SquareAttack,ILSVRC2012_val_00000556.JPEG,43,untargeted,15000,14953,True,35,,,,2026-02-17T15:10:43.404495
SimBA,ILSVRC2012_val_00000484.JPEG,31,targeted,15000,1030,True,32,32,,,2026-02-17T15:11:02.579538
SimBA,ILSVRC2012_val_00002403.JPEG,32,untargeted,15000,3242,True,30,,,,2026-02-17T15:12:21.403070
SquareAttack,ILSVRC2012_val_00000556.JPEG,43,targeted,15000,8911,True,35,35,,,2026-02-17T15:12:57.948163
SquareAttack,ILSVRC2012_val_00000270.JPEG,44,untargeted,15000,79,True,38,,,,2026-02-17T15:12:59.601802
SquareAttack,ILSVRC2012_val_00000270.JPEG,44,targeted,15000,78,True,38,38,,,2026-02-17T15:13:01.226266
SimBA,ILSVRC2012_val_00002403.JPEG,32,targeted,15000,2645,True,30,30,,,2026-02-17T15:13:26.450912
SquareAttack,ILSVRC2012_val_00002575.JPEG,45,untargeted,15000,2549,True,26,,,,2026-02-17T15:13:39.906608
SquareAttack,ILSVRC2012_val_00002575.JPEG,45,targeted,15000,779,True,26,26,,,2026-02-17T15:13:52.023964
SquareAttack,ILSVRC2012_val_00000053.JPEG,40,untargeted,15000,1,True,46,,,,2026-02-17T15:13:52.076897
SquareAttack,ILSVRC2012_val_00000053.JPEG,40,targeted,15000,1,True,46,46,,,2026-02-17T15:13:52.126103
SimBA,ILSVRC2012_val_00000295.JPEG,33,untargeted,15000,3736,True,35,,,,2026-02-17T15:15:00.107378
SimBA,ILSVRC2012_val_00000295.JPEG,33,targeted,15000,2971,True,35,35,,,2026-02-17T15:16:15.432291
SimBA,ILSVRC2012_val_00000793.JPEG,34,untargeted,15000,560,True,33,,,,2026-02-17T15:16:29.302867
SimBA,ILSVRC2012_val_00000793.JPEG,34,targeted,15000,389,True,33,33,,,2026-02-17T15:16:39.215878
SquareAttack,ILSVRC2012_val_00001455.JPEG,47,untargeted,15000,15000,False,47,,,,2026-02-17T15:17:37.569013
SimBA,ILSVRC2012_val_00000836.JPEG,37,untargeted,15000,2739,True,35,,,,2026-02-17T15:17:46.065083
SimBA,ILSVRC2012_val_00000836.JPEG,37,targeted,15000,2276,True,35,35,,,2026-02-17T15:18:42.475761
SquareAttack,ILSVRC2012_val_00001455.JPEG,47,targeted,15000,6834,True,38,38,,,2026-02-17T15:19:20.370152
SquareAttack,ILSVRC2012_val_00000406.JPEG,48,untargeted,15000,335,True,39,,,,2026-02-17T15:19:25.999995
SimBA,ILSVRC2012_val_00001869.JPEG,36,untargeted,15000,2057,True,35,,,,2026-02-17T15:19:33.909577
SquareAttack,ILSVRC2012_val_00000406.JPEG,48,targeted,15000,640,True,39,39,,,2026-02-17T15:19:36.044763
SquareAttack,ILSVRC2012_val_00000846.JPEG,49,untargeted,15000,344,True,337,,,,2026-02-17T15:19:41.655373
SquareAttack,ILSVRC2012_val_00000846.JPEG,49,targeted,15000,116,True,337,337,,,2026-02-17T15:19:43.871054
SquareAttack,ILSVRC2012_val_00000187.JPEG,328,untargeted,15000,1,True,794,,,,2026-02-17T15:19:43.921838
SquareAttack,ILSVRC2012_val_00000187.JPEG,328,targeted,15000,1,True,794,794,,,2026-02-17T15:19:43.973202
SquareAttack,ILSVRC2012_val_00000461.JPEG,51,untargeted,15000,19,True,643,,,,2026-02-17T15:19:44.459556
SquareAttack,ILSVRC2012_val_00000461.JPEG,51,targeted,15000,19,True,643,643,,,2026-02-17T15:19:44.948096
SquareAttack,ILSVRC2012_val_00000751.JPEG,52,untargeted,15000,380,True,390,,,,2026-02-17T15:19:51.204759
SquareAttack,ILSVRC2012_val_00000751.JPEG,52,targeted,15000,322,True,390,390,,,2026-02-17T15:19:56.456514
SquareAttack,ILSVRC2012_val_00002134.JPEG,53,untargeted,15000,1,True,60,,,,2026-02-17T15:19:56.509922
SquareAttack,ILSVRC2012_val_00002134.JPEG,53,targeted,15000,1,True,60,60,,,2026-02-17T15:19:56.560213
SquareAttack,ILSVRC2012_val_00000781.JPEG,60,untargeted,15000,1,True,67,,,,2026-02-17T15:19:56.609845
SquareAttack,ILSVRC2012_val_00000781.JPEG,60,targeted,15000,1,True,67,67,,,2026-02-17T15:19:56.662353
SquareAttack,ILSVRC2012_val_00000132.JPEG,64,untargeted,15000,118,True,59,,,,2026-02-17T15:19:58.937115
SquareAttack,ILSVRC2012_val_00000132.JPEG,64,targeted,15000,95,True,59,59,,,2026-02-17T15:20:00.845595
SimBA,ILSVRC2012_val_00001869.JPEG,36,targeted,15000,1482,True,35,35,,,2026-02-17T15:20:12.033007
SimBA,ILSVRC2012_val_00000395.JPEG,37,untargeted,15000,6104,True,35,,,,2026-02-17T15:22:47.463483
SquareAttack,ILSVRC2012_val_00000208.JPEG,56,untargeted,15000,12898,True,539,,,,2026-02-17T15:23:16.110478
SquareAttack,ILSVRC2012_val_00000208.JPEG,56,targeted,15000,2816,True,539,539,,,2026-02-17T15:23:58.466806
SquareAttack,ILSVRC2012_val_00001038.JPEG,57,untargeted,15000,1116,True,41,,,,2026-02-17T15:24:15.799173
SimBA,ILSVRC2012_val_00000395.JPEG,37,targeted,15000,3885,True,35,35,,,2026-02-17T15:24:26.834639
SquareAttack,ILSVRC2012_val_00001038.JPEG,57,targeted,15000,801,True,41,41,,,2026-02-17T15:24:28.157168
SquareAttack,ILSVRC2012_val_00002124.JPEG,63,untargeted,15000,12,True,58,,,,2026-02-17T15:24:28.485267
SquareAttack,ILSVRC2012_val_00002124.JPEG,63,targeted,15000,18,True,58,58,,,2026-02-17T15:24:28.957822
SquareAttack,ILSVRC2012_val_00001111.JPEG,46,untargeted,15000,18,True,94,,,,2026-02-17T15:24:29.409506
SquareAttack,ILSVRC2012_val_00001111.JPEG,46,targeted,15000,25,True,94,94,,,2026-02-17T15:24:30.037128
SquareAttack,ILSVRC2012_val_00000054.JPEG,60,untargeted,15000,1,True,56,,,,2026-02-17T15:24:30.088818
SquareAttack,ILSVRC2012_val_00000054.JPEG,60,targeted,15000,1,True,56,56,,,2026-02-17T15:24:30.134496
SimBA,ILSVRC2012_val_00000625.JPEG,38,untargeted,15000,565,True,43,,,,2026-02-17T15:24:41.200845
SimBA,ILSVRC2012_val_00000625.JPEG,38,targeted,15000,463,True,43,43,,,2026-02-17T15:24:53.113304
SquareAttack,ILSVRC2012_val_00000296.JPEG,61,untargeted,15000,2177,True,62,,,,2026-02-17T15:25:03.362179
SquareAttack,ILSVRC2012_val_00000296.JPEG,61,targeted,15000,760,True,62,62,,,2026-02-17T15:25:15.358887
SquareAttack,ILSVRC2012_val_00000120.JPEG,62,untargeted,15000,2033,True,61,,,,2026-02-17T15:25:46.694053
SquareAttack,ILSVRC2012_val_00000120.JPEG,62,targeted,15000,387,True,61,61,,,2026-02-17T15:25:53.121381
SquareAttack,ILSVRC2012_val_00000150.JPEG,63,untargeted,15000,644,True,68,,,,2026-02-17T15:26:03.417725
SquareAttack,ILSVRC2012_val_00000150.JPEG,63,targeted,15000,949,True,68,68,,,2026-02-17T15:26:18.119664
SquareAttack,ILSVRC2012_val_00000560.JPEG,378,untargeted,15000,33,True,59,,,,2026-02-17T15:26:18.965285
SquareAttack,ILSVRC2012_val_00000560.JPEG,378,targeted,15000,64,True,59,59,,,2026-02-17T15:26:20.472875
SquareAttack,ILSVRC2012_val_00005869.JPEG,119,untargeted,15000,1,True,125,,,,2026-02-17T15:26:20.521318
SquareAttack,ILSVRC2012_val_00005869.JPEG,119,targeted,15000,1,True,125,125,,,2026-02-17T15:26:20.570672
SquareAttack,ILSVRC2012_val_00000278.JPEG,66,untargeted,15000,15000,False,66,,,,2026-02-17T15:30:12.689838
SquareAttack,ILSVRC2012_val_00000278.JPEG,66,targeted,15000,2856,True,68,68,,,2026-02-17T15:31:07.429355
SquareAttack,ILSVRC2012_val_00001964.JPEG,68,untargeted,15000,1,True,67,,,,2026-02-17T15:31:07.486086
SquareAttack,ILSVRC2012_val_00001964.JPEG,68,targeted,15000,1,True,67,67,,,2026-02-17T15:31:07.546944
SquareAttack,ILSVRC2012_val_00000194.JPEG,68,untargeted,15000,1,True,66,,,,2026-02-17T15:31:07.627132
SquareAttack,ILSVRC2012_val_00000194.JPEG,68,targeted,15000,1,True,66,66,,,2026-02-17T15:31:07.703449
SquareAttack,ILSVRC2012_val_00001321.JPEG,69,untargeted,15000,1,True,972,,,,2026-02-17T15:31:07.757772
SquareAttack,ILSVRC2012_val_00001321.JPEG,69,targeted,15000,1,True,972,972,,,2026-02-17T15:31:07.813209
SimBA,ILSVRC2012_val_00004042.JPEG,39,untargeted,15000,15000,False,39,,,,2026-02-17T15:31:45.021629
SquareAttack,ILSVRC2012_val_00000046.JPEG,70,untargeted,15000,8815,True,941,,,,2026-02-17T15:33:48.731338
SquareAttack,ILSVRC2012_val_00000046.JPEG,70,targeted,15000,5338,True,941,941,,,2026-02-17T15:35:13.854455
SquareAttack,ILSVRC2012_val_00000237.JPEG,71,untargeted,15000,8428,True,116,,,,2026-02-17T15:37:30.620711
SquareAttack,ILSVRC2012_val_00000237.JPEG,71,targeted,15000,1815,True,116,116,,,2026-02-17T15:38:03.157805
SquareAttack,ILSVRC2012_val_00000228.JPEG,72,untargeted,15000,9777,True,74,,,,2026-02-17T15:41:07.010676
SquareAttack,ILSVRC2012_val_00000228.JPEG,72,targeted,15000,3473,True,74,74,,,2026-02-17T15:42:10.244229
SquareAttack,ILSVRC2012_val_00000677.JPEG,73,untargeted,15000,138,True,591,,,,2026-02-17T15:42:13.393854
SquareAttack,ILSVRC2012_val_00000677.JPEG,73,targeted,15000,170,True,591,591,,,2026-02-17T15:42:17.060459
SimBA,ILSVRC2012_val_00004042.JPEG,39,targeted,15000,12606,True,41,41,,,2026-02-17T15:46:06.980162
SquareAttack,ILSVRC2012_val_00000552.JPEG,72,untargeted,15000,13051,True,74,,,,2026-02-17T15:46:18.924885
SquareAttack,ILSVRC2012_val_00000552.JPEG,72,targeted,15000,7518,True,74,74,,,2026-02-17T15:48:34.993029
SimBA,ILSVRC2012_val_00000107.JPEG,40,untargeted,15000,6558,True,46,,,,2026-02-17T15:49:35.859408
SquareAttack,ILSVRC2012_val_00000603.JPEG,75,untargeted,15000,9991,True,73,,,,2026-02-17T15:51:34.831758
SimBA,ILSVRC2012_val_00000107.JPEG,40,targeted,15000,4404,True,46,46,,,2026-02-17T15:51:54.972622
SquareAttack,ILSVRC2012_val_00000603.JPEG,75,targeted,15000,3380,True,73,73,,,2026-02-17T15:52:38.637596
SquareAttack,ILSVRC2012_val_00000522.JPEG,76,untargeted,15000,1927,True,73,,,,2026-02-17T15:53:15.580765
SquareAttack,ILSVRC2012_val_00000522.JPEG,76,targeted,15000,1783,True,73,73,,,2026-02-17T15:53:49.831609
SquareAttack,ILSVRC2012_val_00001131.JPEG,75,untargeted,15000,1,True,73,,,,2026-02-17T15:53:49.892279
SquareAttack,ILSVRC2012_val_00001131.JPEG,75,targeted,15000,1,True,73,73,,,2026-02-17T15:53:49.954055
SimBA,ILSVRC2012_val_00000731.JPEG,41,untargeted,15000,8767,True,44,,,,2026-02-17T15:56:39.207770
SquareAttack,ILSVRC2012_val_00001350.JPEG,78,untargeted,15000,15000,False,78,,,,2026-02-17T15:58:32.293582
SimBA,ILSVRC2012_val_00000731.JPEG,41,targeted,15000,4679,True,44,44,,,2026-02-17T15:59:10.229412
SquareAttack,ILSVRC2012_val_00001350.JPEG,78,targeted,15000,4862,True,73,73,,,2026-02-17T16:00:01.987695
SquareAttack,ILSVRC2012_val_00003857.JPEG,630,untargeted,15000,1,True,594,,,,2026-02-17T16:00:02.044454
SquareAttack,ILSVRC2012_val_00003857.JPEG,630,targeted,15000,1,True,594,594,,,2026-02-17T16:00:02.104650
SquareAttack,ILSVRC2012_val_00000807.JPEG,80,untargeted,15000,2440,True,998,,,,2026-02-17T16:00:46.182079
SquareAttack,ILSVRC2012_val_00000807.JPEG,80,targeted,15000,1303,True,998,998,,,2026-02-17T16:01:11.626387
SquareAttack,ILSVRC2012_val_00000440.JPEG,81,untargeted,15000,308,True,86,,,,2026-02-17T16:01:18.015124
SquareAttack,ILSVRC2012_val_00000440.JPEG,81,targeted,15000,159,True,86,86,,,2026-02-17T16:01:21.500665
SquareAttack,ILSVRC2012_val_00001888.JPEG,82,untargeted,15000,610,True,81,,,,2026-02-17T16:01:32.505004
SquareAttack,ILSVRC2012_val_00001888.JPEG,82,targeted,15000,534,True,81,81,,,2026-02-17T16:01:41.636445
SquareAttack,ILSVRC2012_val_00000102.JPEG,83,untargeted,15000,8376,True,275,,,,2026-02-17T16:03:53.082590
SquareAttack,ILSVRC2012_val_00000102.JPEG,83,targeted,15000,1802,True,275,275,,,2026-02-17T16:04:21.509545
SquareAttack,ILSVRC2012_val_00000881.JPEG,84,untargeted,15000,3405,True,580,,,,2026-02-17T16:05:17.638035
SquareAttack,ILSVRC2012_val_00000881.JPEG,84,targeted,15000,1401,True,580,580,,,2026-02-17T16:05:42.168118
SimBA,ILSVRC2012_val_00001628.JPEG,42,untargeted,15000,15000,False,42,,,,2026-02-17T16:06:51.632945
SquareAttack,ILSVRC2012_val_00001419.JPEG,85,untargeted,15000,15000,False,85,,,,2026-02-17T16:10:19.741868
SquareAttack,ILSVRC2012_val_00001419.JPEG,85,targeted,15000,5016,True,86,86,,,2026-02-17T16:11:42.179903
SquareAttack,ILSVRC2012_val_00000175.JPEG,83,untargeted,15000,1,True,86,,,,2026-02-17T16:11:42.223878
SquareAttack,ILSVRC2012_val_00000175.JPEG,83,targeted,15000,1,True,86,86,,,2026-02-17T16:11:42.265226
SquareAttack,ILSVRC2012_val_00000024.JPEG,87,untargeted,15000,2934,True,389,,,,2026-02-17T16:12:28.305825
SquareAttack,ILSVRC2012_val_00000024.JPEG,87,targeted,15000,3347,True,389,389,,,2026-02-17T16:13:31.622206
SquareAttack,ILSVRC2012_val_00000265.JPEG,88,untargeted,15000,15000,False,88,,,,2026-02-17T16:18:04.190473
SimBA,ILSVRC2012_val_00001628.JPEG,42,targeted,15000,6630,True,38,38,,,2026-02-17T16:18:29.038730
SquareAttack,ILSVRC2012_val_00000265.JPEG,88,targeted,15000,9107,True,90,90,,,2026-02-17T16:20:31.660937
SquareAttack,ILSVRC2012_val_00000011.JPEG,89,untargeted,15000,15000,False,89,,,,2026-02-17T16:24:35.439205
SimBA,ILSVRC2012_val_00000556.JPEG,43,untargeted,15000,15000,False,43,,,,2026-02-17T16:25:50.009507
SquareAttack,ILSVRC2012_val_00000011.JPEG,89,targeted,15000,6614,True,132,132,,,2026-02-17T16:26:29.643063
SquareAttack,ILSVRC2012_val_00001245.JPEG,90,untargeted,15000,11443,True,510,,,,2026-02-17T16:29:39.524790
SquareAttack,ILSVRC2012_val_00001245.JPEG,90,targeted,15000,2183,True,510,510,,,2026-02-17T16:30:19.104127
SquareAttack,ILSVRC2012_val_00000001.JPEG,91,untargeted,15000,3452,True,782,,,,2026-02-17T16:31:22.953196
SquareAttack,ILSVRC2012_val_00000001.JPEG,91,targeted,15000,1859,True,782,782,,,2026-02-17T16:31:57.481508
SquareAttack,ILSVRC2012_val_00003751.JPEG,92,untargeted,15000,15000,False,92,,,,2026-02-17T16:35:58.131474
SquareAttack,ILSVRC2012_val_00003751.JPEG,92,targeted,15000,807,True,95,95,,,2026-02-17T16:36:10.913216
SquareAttack,ILSVRC2012_val_00001186.JPEG,93,untargeted,15000,1982,True,135,,,,2026-02-17T16:36:42.123047
SquareAttack,ILSVRC2012_val_00001186.JPEG,93,targeted,15000,985,True,135,135,,,2026-02-17T16:36:57.392815
SquareAttack,ILSVRC2012_val_00000528.JPEG,94,untargeted,15000,3982,True,894,,,,2026-02-17T16:38:00.375285
SquareAttack,ILSVRC2012_val_00000528.JPEG,94,targeted,15000,1414,True,894,894,,,2026-02-17T16:38:29.139741
SimBA,ILSVRC2012_val_00000556.JPEG,43,targeted,15000,11348,True,42,42,,,2026-02-17T16:38:48.545515
SimBA,ILSVRC2012_val_00000270.JPEG,44,untargeted,15000,827,True,40,,,,2026-02-17T16:39:14.415204
SimBA,ILSVRC2012_val_00000270.JPEG,44,targeted,15000,598,True,40,40,,,2026-02-17T16:39:30.956663
SquareAttack,ILSVRC2012_val_00001390.JPEG,95,untargeted,15000,15000,False,95,,,,2026-02-17T16:42:23.607406
SquareAttack,ILSVRC2012_val_00001390.JPEG,95,targeted,15000,3360,True,94,94,,,2026-02-17T16:43:13.859005
SquareAttack,ILSVRC2012_val_00000204.JPEG,96,untargeted,15000,6125,True,379,,,,2026-02-17T16:44:45.594517
SquareAttack,ILSVRC2012_val_00000204.JPEG,96,targeted,15000,1829,True,379,379,,,2026-02-17T16:45:13.730325
SquareAttack,ILSVRC2012_val_00001305.JPEG,97,untargeted,15000,2403,True,86,,,,2026-02-17T16:45:50.588363
SquareAttack,ILSVRC2012_val_00001305.JPEG,97,targeted,15000,1565,True,86,86,,,2026-02-17T16:46:15.670593
SimBA,ILSVRC2012_val_00002575.JPEG,45,untargeted,15000,15000,False,45,,,,2026-02-17T16:46:19.898522
SquareAttack,ILSVRC2012_val_00000119.JPEG,98,untargeted,15000,3461,True,946,,,,2026-02-17T16:47:21.151331
SquareAttack,ILSVRC2012_val_00000119.JPEG,98,targeted,15000,2734,True,946,946,,,2026-02-17T16:48:12.980335
SquareAttack,ILSVRC2012_val_00001045.JPEG,99,untargeted,15000,120,True,134,,,,2026-02-17T16:48:15.764532
SquareAttack,ILSVRC2012_val_00001045.JPEG,99,targeted,15000,308,True,134,134,,,2026-02-17T16:48:21.730474
SimBA,ILSVRC2012_val_00002575.JPEG,45,targeted,15000,11226,True,38,38,,,2026-02-17T16:57:11.788504
SimBA,ILSVRC2012_val_00000053.JPEG,40,untargeted,15000,924,True,46,,,,2026-02-17T16:57:30.804221
SimBA,ILSVRC2012_val_00000053.JPEG,40,targeted,15000,630,True,46,46,,,2026-02-17T16:57:44.402206
SimBA,ILSVRC2012_val_00001455.JPEG,47,untargeted,15000,15000,False,47,,,,2026-02-17T17:03:27.355125
SimBA,ILSVRC2012_val_00001455.JPEG,47,targeted,15000,10807,True,38,38,,,2026-02-17T17:13:42.011163
SimBA,ILSVRC2012_val_00000406.JPEG,48,untargeted,15000,3883,True,39,,,,2026-02-17T17:15:23.289597
SimBA,ILSVRC2012_val_00000406.JPEG,48,targeted,15000,3271,True,39,39,,,2026-02-17T17:16:33.652064
SimBA,ILSVRC2012_val_00000846.JPEG,49,untargeted,15000,4132,True,386,,,,2026-02-17T17:18:11.115970
SimBA,ILSVRC2012_val_00000846.JPEG,49,targeted,15000,2612,True,386,386,,,2026-02-17T17:19:18.463377
SimBA,ILSVRC2012_val_00000187.JPEG,328,untargeted,15000,18,True,363,,,,2026-02-17T17:19:19.135891
SimBA,ILSVRC2012_val_00000187.JPEG,328,targeted,15000,7,True,363,363,,,2026-02-17T17:19:19.472934
SimBA,ILSVRC2012_val_00000461.JPEG,51,untargeted,15000,10266,True,999,,,,2026-02-17T17:23:35.811389
SimBA,ILSVRC2012_val_00000461.JPEG,51,targeted,15000,3296,True,999,999,,,2026-02-17T17:24:58.484156
SimBA,ILSVRC2012_val_00000751.JPEG,52,untargeted,15000,4737,True,63,,,,2026-02-17T17:27:16.017127
SimBA,ILSVRC2012_val_00000751.JPEG,52,targeted,15000,2038,True,63,63,,,2026-02-17T17:28:10.285955
SimBA,ILSVRC2012_val_00002134.JPEG,53,untargeted,15000,3234,True,62,,,,2026-02-17T17:29:31.170954
SimBA,ILSVRC2012_val_00002134.JPEG,53,targeted,15000,2309,True,62,62,,,2026-02-17T17:30:38.971756
SimBA,ILSVRC2012_val_00000781.JPEG,60,untargeted,15000,915,True,54,,,,2026-02-17T17:31:04.105425
SimBA,ILSVRC2012_val_00000781.JPEG,60,targeted,15000,702,True,54,54,,,2026-02-17T17:31:21.613977
SimBA,ILSVRC2012_val_00000132.JPEG,64,untargeted,15000,975,True,55,,,,2026-02-17T17:31:45.837957
SimBA,ILSVRC2012_val_00000132.JPEG,64,targeted,15000,896,True,55,55,,,2026-02-17T17:32:08.705044
SimBA,ILSVRC2012_val_00000208.JPEG,56,untargeted,15000,15000,False,56,,,,2026-02-17T17:39:56.422832
SimBA,ILSVRC2012_val_00000208.JPEG,56,targeted,15000,10822,True,53,53,,,2026-02-17T17:52:23.214763
SimBA,ILSVRC2012_val_00001038.JPEG,57,untargeted,15000,15000,False,57,,,,2026-02-17T18:03:43.932333
SimBA,ILSVRC2012_val_00001038.JPEG,57,targeted,15000,9241,True,52,52,,,2026-02-17T18:19:54.229263
SimBA,ILSVRC2012_val_00002124.JPEG,63,untargeted,15000,1325,True,56,,,,2026-02-17T18:20:56.451730
SimBA,ILSVRC2012_val_00002124.JPEG,63,targeted,15000,1224,True,56,56,,,2026-02-17T18:21:53.211539
SimBA,ILSVRC2012_val_00001111.JPEG,46,untargeted,15000,1036,True,94,,,,2026-02-17T18:22:41.694364
SimBA,ILSVRC2012_val_00001111.JPEG,46,targeted,15000,997,True,94,94,,,2026-02-17T18:23:32.274712
SimBA,ILSVRC2012_val_00000054.JPEG,60,untargeted,15000,335,True,56,,,,2026-02-17T18:23:51.060785
SimBA,ILSVRC2012_val_00000054.JPEG,60,targeted,15000,342,True,56,56,,,2026-02-17T18:24:09.867364
SimBA,ILSVRC2012_val_00000296.JPEG,61,untargeted,15000,15000,False,61,,,,2026-02-17T18:36:21.949520
SimBA,ILSVRC2012_val_00000296.JPEG,61,targeted,15000,4204,True,62,62,,,2026-02-17T18:52:27.201817
SimBA,ILSVRC2012_val_00000120.JPEG,62,untargeted,15000,15000,False,62,,,,2026-02-17T19:03:45.464685
SimBA,ILSVRC2012_val_00000120.JPEG,62,targeted,15000,7850,True,61,61,,,2026-02-17T19:20:35.547630
SimBA,ILSVRC2012_val_00000150.JPEG,63,untargeted,15000,4291,True,68,,,,2026-02-17T19:23:56.161432
SimBA,ILSVRC2012_val_00000150.JPEG,63,targeted,15000,3723,True,68,68,,,2026-02-17T19:26:18.500614
SimBA,ILSVRC2012_val_00000560.JPEG,378,untargeted,15000,283,True,59,,,,2026-02-17T19:26:27.668510
SimBA,ILSVRC2012_val_00000560.JPEG,378,targeted,15000,259,True,59,59,,,2026-02-17T19:26:35.892001
SimBA,ILSVRC2012_val_00005869.JPEG,119,untargeted,15000,150,True,65,,,,2026-02-17T19:26:40.649030
SimBA,ILSVRC2012_val_00005869.JPEG,119,targeted,15000,155,True,65,65,,,2026-02-17T19:26:45.555776
SimBA,ILSVRC2012_val_00000278.JPEG,66,untargeted,15000,15000,False,66,,,,2026-02-17T19:34:01.362600
SimBA,ILSVRC2012_val_00000278.JPEG,66,targeted,15000,9216,True,68,68,,,2026-02-17T19:46:31.069684
SimBA,ILSVRC2012_val_00001964.JPEG,68,untargeted,15000,830,True,67,,,,2026-02-17T19:47:00.889940
SimBA,ILSVRC2012_val_00001964.JPEG,68,targeted,15000,656,True,67,67,,,2026-02-17T19:47:27.413371
SimBA,ILSVRC2012_val_00000194.JPEG,68,untargeted,15000,879,True,66,,,,2026-02-17T19:48:02.523647
SimBA,ILSVRC2012_val_00000194.JPEG,68,targeted,15000,911,True,66,66,,,2026-02-17T19:48:31.508347
SimBA,ILSVRC2012_val_00001321.JPEG,69,untargeted,15000,4107,True,76,,,,2026-02-17T19:50:38.376756
SimBA,ILSVRC2012_val_00001321.JPEG,69,targeted,15000,1960,True,76,76,,,2026-02-17T19:51:39.332258
SimBA,ILSVRC2012_val_00000046.JPEG,70,untargeted,15000,15000,False,70,,,,2026-02-17T19:59:33.470030
SimBA,ILSVRC2012_val_00000046.JPEG,70,targeted,15000,8197,True,73,73,,,2026-02-17T20:11:45.059664
SimBA,ILSVRC2012_val_00000237.JPEG,71,untargeted,15000,15000,False,71,,,,2026-02-17T20:19:30.293265
SimBA,ILSVRC2012_val_00000237.JPEG,71,targeted,15000,15000,False,71,99,,,2026-02-17T20:35:04.033385
SimBA,ILSVRC2012_val_00000228.JPEG,72,untargeted,15000,15000,False,72,,,,2026-02-17T20:43:13.157110
SimBA,ILSVRC2012_val_00000228.JPEG,72,targeted,15000,12954,True,74,74,,,2026-02-17T20:58:18.437493
SimBA,ILSVRC2012_val_00000677.JPEG,73,untargeted,15000,3592,True,74,,,,2026-02-17T21:00:10.719053
SimBA,ILSVRC2012_val_00000677.JPEG,73,targeted,15000,3344,True,74,74,,,2026-02-17T21:01:56.744057
SimBA,ILSVRC2012_val_00000552.JPEG,72,untargeted,15000,15000,False,72,,,,2026-02-17T21:09:50.709371
SimBA,ILSVRC2012_val_00000552.JPEG,72,targeted,15000,15000,False,72,74,,,2026-02-17T21:25:37.151212
SimBA,ILSVRC2012_val_00000603.JPEG,75,untargeted,15000,15000,False,75,,,,2026-02-17T21:33:47.200263
SimBA,ILSVRC2012_val_00000603.JPEG,75,targeted,15000,12996,True,73,73,,,2026-02-17T21:49:06.716171
SimBA,ILSVRC2012_val_00000522.JPEG,76,untargeted,15000,11802,True,73,,,,2026-02-17T21:55:13.767693
SimBA,ILSVRC2012_val_00000522.JPEG,76,targeted,15000,7127,True,73,73,,,2026-02-17T21:58:57.522792
SimBA,ILSVRC2012_val_00001131.JPEG,75,untargeted,15000,22,True,77,,,,2026-02-17T21:58:58.521738
SimBA,ILSVRC2012_val_00001131.JPEG,75,targeted,15000,22,True,77,77,,,2026-02-17T21:58:59.566536
SimBA,ILSVRC2012_val_00001350.JPEG,78,untargeted,15000,15000,False,78,,,,2026-02-17T22:07:06.723612
SimBA,ILSVRC2012_val_00001350.JPEG,78,targeted,15000,10041,True,73,73,,,2026-02-17T22:20:34.851676
SimBA,ILSVRC2012_val_00003857.JPEG,630,untargeted,15000,2676,True,429,,,,2026-02-17T22:21:56.210181
SimBA,ILSVRC2012_val_00003857.JPEG,630,targeted,15000,1841,True,429,429,,,2026-02-17T22:22:53.044201
SimBA,ILSVRC2012_val_00000807.JPEG,80,untargeted,15000,12976,True,89,,,,2026-02-17T22:29:46.780144
SimBA,ILSVRC2012_val_00000807.JPEG,80,targeted,15000,8492,True,89,89,,,2026-02-17T22:34:17.815847
SimBA,ILSVRC2012_val_00001888.JPEG,82,untargeted,15000,2555,True,81,,,,2026-02-17T22:43:23.387455
SimBA,ILSVRC2012_val_00001888.JPEG,82,targeted,15000,1997,True,81,81,,,2026-02-17T22:44:25.356958
SimBA,ILSVRC2012_val_00000102.JPEG,83,untargeted,15000,15000,False,83,,,,2026-02-17T22:52:18.100229
SimBA,ILSVRC2012_val_00000102.JPEG,83,targeted,15000,8992,True,80,80,,,2026-02-18T00:26:43.580158
SimBA,ILSVRC2012_val_00000881.JPEG,84,untargeted,15000,15000,False,84,,,,2026-02-18T00:32:29.926684
SimBA,ILSVRC2012_val_00000881.JPEG,84,targeted,15000,9280,True,580,580,,,2026-02-18T00:36:18.256067
SimBA,ILSVRC2012_val_00001419.JPEG,85,untargeted,15000,15000,False,85,,,,2026-02-18T00:42:38.048722
SimBA,ILSVRC2012_val_00001419.JPEG,85,targeted,15000,14835,True,86,86,,,2026-02-18T00:48:50.218896
SimBA,ILSVRC2012_val_00000175.JPEG,83,untargeted,15000,926,True,86,,,,2026-02-18T00:49:09.344929
SimBA,ILSVRC2012_val_00000175.JPEG,83,targeted,15000,788,True,86,86,,,2026-02-18T00:49:27.508780
SimBA,ILSVRC2012_val_00000024.JPEG,87,untargeted,15000,15000,False,87,,,,2026-02-18T00:55:35.975578
SimBA,ILSVRC2012_val_00000024.JPEG,87,targeted,15000,15000,False,87,89,,,2026-02-18T01:01:56.020931
SimBA,ILSVRC2012_val_00000265.JPEG,88,untargeted,15000,15000,False,88,,,,2026-02-18T01:08:07.707881
SimBA,ILSVRC2012_val_00000265.JPEG,88,targeted,15000,15000,False,88,90,,,2026-02-18T01:14:22.469607
SimBA,ILSVRC2012_val_00000011.JPEG,89,untargeted,15000,15000,False,89,,,,2026-02-18T01:20:36.940653
SimBA,ILSVRC2012_val_00000011.JPEG,89,targeted,15000,11047,True,132,132,,,2026-02-18T01:25:09.720207
